"Txhash","Blockno","UnixTimestamp","DateTime (UTC)","ParentTxFrom","ParentTxTo","ParentTxETH_Value","From","TxTo","ContractAddress","Value_IN(ETH)","Value_OUT(ETH)","CurrentValue @ $2548.47212884465/Eth","Historical $Price/Eth","Status","ErrCode","Type","PrivateNote"
"0xa15f15f380f0ffc73f408b4f6dfcbf1a6da7f77b6fd2b0a8d01570546cc98f24","14515468","1649020301","2022-04-03 21:11:41","0x45ecd328179d61c4f74ce729c2399675e5bc85d0","0x68b3465833fb72a70ecdf485e0e4c7bd8665fc45","0.045319990907372684","0x68b3465833fb72a70ecdf485e0e4c7bd8665fc45","0x45ecd328179d61c4f74ce729c2399675e5bc85d0","","0.001319999735166194","0","3.36398253515336","3522.49","0","","call",""
"0xff45ef699056790d4d2148e236c36bad92e394ab23b52df97ebd90b8ca0c4eda","14522618","1649117381","2022-04-05 00:09:41","0x45ecd328179d61c4f74ce729c2399675e5bc85d0","0x68b3465833fb72a70ecdf485e0e4c7bd8665fc45","0.042229954904475649","0x68b3465833fb72a70ecdf485e0e4c7bd8665fc45","0x45ecd328179d61c4f74ce729c2399675e5bc85d0","","0.001229998686538125","0","3.13461737115794","3406.48","0","","call",""
"0xde2ea89b26af6b90e6e7caf6a64f3ecad84658f159a01811e5906226f8c10972","14537988","1649324495","2022-04-07 09:41:35","0x45ecd328179d61c4f74ce729c2399675e5bc85d0","0x68b3465833fb72a70ecdf485e0e4c7bd8665fc45","0.064889833081431286","0x68b3465833fb72a70ecdf485e0e4c7bd8665fc45","0x45ecd328179d61c4f74ce729c2399675e5bc85d0","","0.001889995138294115","0","4.81659993359444","3229.28","0","","call",""
"0xfcbe4ebbe352d7169fd92964369d14f0249b2d32bcdf77cc615131d386e552f6","14538532","1649331928","2022-04-07 11:45:28","0x45ecd328179d61c4f74ce729c2399675e5bc85d0","0x68b3465833fb72a70ecdf485e0e4c7bd8665fc45","0.031929995695375672","0x68b3465833fb72a70ecdf485e0e4c7bd8665fc45","0x45ecd328179d61c4f74ce729c2399675e5bc85d0","","0.000013772683289437","0","0.0350992995025346","3229.28","0","","call",""
"0xeafe79a9f866252530a5ce98cc2f876e6c5346efbf452321115eb7839f8635ca","14540944","1649363668","2022-04-07 20:34:28","0x45ecd328179d61c4f74ce729c2399675e5bc85d0","0x68b3465833fb72a70ecdf485e0e4c7bd8665fc45","0.063860016199606879","0x68b3465833fb72a70ecdf485e0e4c7bd8665fc45","0x45ecd328179d61c4f74ce729c2399675e5bc85d0","","0.00186000047183321","0","4.74015936210483","3229.28","0","","call",""
"0x3355b145269150743ae9571c6d1ffe3ecb875ed935a08c69a657ad71a6487271","14544788","1649416507","2022-04-08 11:15:07","0x45ecd328179d61c4f74ce729c2399675e5bc85d0","0x68b3465833fb72a70ecdf485e0e4c7bd8665fc45","0","0x68b3465833fb72a70ecdf485e0e4c7bd8665fc45","0x45ecd328179d61c4f74ce729c2399675e5bc85d0","","0.054893051787450397","0","139.893412547543","3192.92","0","","call",""
"0x9585e11ef840673ea70bea852f65a82b0bd7880a3df81b96bb57e40337c22177","14545768","1649429207","2022-04-08 14:46:47","0x45ecd328179d61c4f74ce729c2399675e5bc85d0","0x68b3465833fb72a70ecdf485e0e4c7bd8665fc45","0.031930001091769198","0x68b3465833fb72a70ecdf485e0e4c7bd8665fc45","0x45ecd328179d61c4f74ce729c2399675e5bc85d0","","0.000930000031799102","0","2.37007916086465","3192.92","0","","call",""
"0x10a94670cb3d7e85be95c40578d53bb03b1a7a2b63a3701160e35d9602f3cad0","14547461","1649452384","2022-04-08 21:13:04","0x45ecd328179d61c4f74ce729c2399675e5bc85d0","0x68b3465833fb72a70ecdf485e0e4c7bd8665fc45","0.041199953950396888","0x68b3465833fb72a70ecdf485e0e4c7bd8665fc45","0x45ecd328179d61c4f74ce729c2399675e5bc85d0","","0.001199998658749423","0","3.05816313647387","3192.92","0","","call",""
"0xd4b3e283575cfad25c910511a66f58313b17d09ebd54858f51da8974e65bb844","14553321","1649530974","2022-04-09 19:02:54","0x45ecd328179d61c4f74ce729c2399675e5bc85d0","0x68b3465833fb72a70ecdf485e0e4c7bd8665fc45","0.063865877079545218","0x68b3465833fb72a70ecdf485e0e4c7bd8665fc45","0x45ecd328179d61c4f74ce729c2399675e5bc85d0","","0.001860171177074132","0","4.74059439965357","3259.62","0","","call",""
"0xcf46d536860eb93a9ef15c58ed605406caefe9e2d413dd9476cc567daeb4398b","14557274","1649584534","2022-04-10 09:55:34","0x45ecd328179d61c4f74ce729c2399675e5bc85d0","0x68b3465833fb72a70ecdf485e0e4c7bd8665fc45","0.067045637325081499","0x68b3465833fb72a70ecdf485e0e4c7bd8665fc45","0x45ecd328179d61c4f74ce729c2399675e5bc85d0","","0.005034630216069474","0","12.8306147846922","3202.89","0","","call",""
"0x66c221d4810dc0fd739cc9f9eb5f5c34c2f07c0fe6975c1006aa4e93dcac0212","14570614","1649765560","2022-04-12 12:12:40","0x45ecd328179d61c4f74ce729c2399675e5bc85d0","0x68b3465833fb72a70ecdf485e0e4c7bd8665fc45","0.173039822386982409","0x68b3465833fb72a70ecdf485e0e4c7bd8665fc45","0x45ecd328179d61c4f74ce729c2399675e5bc85d0","","0.00584620608977573","0","14.8988932792753","3028.77","0","","call",""
"0xe53912a06853c9be2ac2f446717659d59ed2f0bb4ecb8e4763ddb2ec2781e5b8","14586702","1649981765","2022-04-15 00:16:05","0x45ecd328179d61c4f74ce729c2399675e5bc85d0","0x68b3465833fb72a70ecdf485e0e4c7bd8665fc45","0","0x68b3465833fb72a70ecdf485e0e4c7bd8665fc45","0x45ecd328179d61c4f74ce729c2399675e5bc85d0","","0.148023459049767126","0","377.233659803509","3041.21","0","","call",""
"0x25faced7d23fbbc76950d8ee93254e13fb45e707a9d13984af5b798186281250","14591447","1650045803","2022-04-15 18:03:23","0x45ecd328179d61c4f74ce729c2399675e5bc85d0","0x68b3465833fb72a70ecdf485e0e4c7bd8665fc45","0.05149967688255761","0x68b3465833fb72a70ecdf485e0e4c7bd8665fc45","0x45ecd328179d61c4f74ce729c2399675e5bc85d0","","0.001499990588812357","0","3.82268420911757","3041.21","0","","call",""
"0x754f21c861a23442c14bae3e62a23456d99b17ea3c5e0a7f0737a639fca27ddc","14592613","1650061567","2022-04-15 22:26:07","0x45ecd328179d61c4f74ce729c2399675e5bc85d0","0x68b3465833fb72a70ecdf485e0e4c7bd8665fc45","0.038564642493539448","0x68b3465833fb72a70ecdf485e0e4c7bd8665fc45","0x45ecd328179d61c4f74ce729c2399675e5bc85d0","","0.000621957973064941","0","1.58504255966871","3041.21","0","","call",""
"0x21c86ff88801e0deb2840ad03d148f62c7907379c62d84d2f25d701e395578cd","14592713","1650062689","2022-04-15 22:44:49","0x45ecd328179d61c4f74ce729c2399675e5bc85d0","0x68b3465833fb72a70ecdf485e0e4c7bd8665fc45","0.041200035462467115","0x68b3465833fb72a70ecdf485e0e4c7bd8665fc45","0x45ecd328179d61c4f74ce729c2399675e5bc85d0","","0.000512203023196032","0","1.30533512892506","3041.21","0","","call",""
"0x498db32872f9ba94af4f5d802729e2a6d3efbf494097c6c91a72abfb36974f35","14592791","1650063846","2022-04-15 23:04:06","0x45ecd328179d61c4f74ce729c2399675e5bc85d0","0x68b3465833fb72a70ecdf485e0e4c7bd8665fc45","0.035020068884994831","0x68b3465833fb72a70ecdf485e0e4c7bd8665fc45","0x45ecd328179d61c4f74ce729c2399675e5bc85d0","","0.001020002006359072","0","2.59944668457172","3041.21","0","","call",""
"0x0b54fccf37957deca98f1be9b2cf5a3107425366a2d0ae8b6d981accbc4abc5b","14593914","1650079039","2022-04-16 03:17:19","0x45ecd328179d61c4f74ce729c2399675e5bc85d0","0x68b3465833fb72a70ecdf485e0e4c7bd8665fc45","0","0x68b3465833fb72a70ecdf485e0e4c7bd8665fc45","0x45ecd328179d61c4f74ce729c2399675e5bc85d0","","0.091656483580350954","0","233.583993832432","3060.28","0","","call",""
"0xcd7b8ae2d9691c428bdedd051d9b6429c985a4c731cebe0c801549032e6a2692","14614791","1650361100","2022-04-19 09:38:20","0x45ecd328179d61c4f74ce729c2399675e5bc85d0","0x68b3465833fb72a70ecdf485e0e4c7bd8665fc45","0.072099738043875968","0x68b3465833fb72a70ecdf485e0e4c7bd8665fc45","0x45ecd328179d61c4f74ce729c2399675e5bc85d0","","0.002099992370209979","0","5.35177202626655","3102.52","0","","call",""
"0x45181b5761a8089e2f9c2a09b4333c0581311ddb1412fd927c7f3ea4c81ab7b5","14691054","1651395620","2022-05-01 09:00:20","0x45ecd328179d61c4f74ce729c2399675e5bc85d0","0x68b3465833fb72a70ecdf485e0e4c7bd8665fc45","0","0x68b3465833fb72a70ecdf485e0e4c7bd8665fc45","0x45ecd328179d61c4f74ce729c2399675e5bc85d0","","0.337037528223940443","0","858.930747053404","2826.04","0","","call",""
"0x019ba0c8a3e727c968e9a7608a45fcf2afffe36123fed1e2b37a1b13630632e1","14705945","1651598399","2022-05-03 17:19:59","0x45ecd328179d61c4f74ce729c2399675e5bc85d0","0x68b3465833fb72a70ecdf485e0e4c7bd8665fc45","0","0x68b3465833fb72a70ecdf485e0e4c7bd8665fc45","0x45ecd328179d61c4f74ce729c2399675e5bc85d0","","0.281220205668651129","0","716.681856214518","2780.63","0","","call",""
"0x6bdfd3d98090320223c9e6e263efb2fd0fa21a3f668b704f7859be0a86d6b58f","14716776","1651747114","2022-05-05 10:38:34","0x45ecd328179d61c4f74ce729c2399675e5bc85d0","0x68b3465833fb72a70ecdf485e0e4c7bd8665fc45","0.053161988770598011","0x68b3465833fb72a70ecdf485e0e4c7bd8665fc45","0x45ecd328179d61c4f74ce729c2399675e5bc85d0","","0.003009169175694227","0","7.66878377523517","2747.28","0","","call",""
"0x9556da02a699be90add6751eeb8cddee77da2977c01918c3b0374224f6a3ab2d","14776744","1652573523","2022-05-15 00:12:03","0x45ecd328179d61c4f74ce729c2399675e5bc85d0","0x68b3465833fb72a70ecdf485e0e4c7bd8665fc45","0","0x68b3465833fb72a70ecdf485e0e4c7bd8665fc45","0x45ecd328179d61c4f74ce729c2399675e5bc85d0","","0.184113329997028406","0","469.207690046205","2143.12","0","","call",""
"0x0222ecd0fca76f64d8a7bedf278318b8a5421aaaca2b900b9e9dd48bd294887f","14878906","1654003043","2022-05-31 13:17:23","0x45ecd328179d61c4f74ce729c2399675e5bc85d0","0x68b3465833fb72a70ecdf485e0e4c7bd8665fc45","0","0x68b3465833fb72a70ecdf485e0e4c7bd8665fc45","0x45ecd328179d61c4f74ce729c2399675e5bc85d0","","0.249864006380144352","0","636.77145626126","1940.59","0","","call",""
"0x07cf74440cebaa9b3bd82f00ccc5e5eb1c401c3eb7adf8880903f5e7c23eec3c","14951951","1655062956","2022-06-12 19:42:36","0x45ecd328179d61c4f74ce729c2399675e5bc85d0","0x68b3465833fb72a70ecdf485e0e4c7bd8665fc45","0","0x68b3465833fb72a70ecdf485e0e4c7bd8665fc45","0x45ecd328179d61c4f74ce729c2399675e5bc85d0","","0.364416692174874343","0","928.705783293427","1434.02","0","","call",""
"0xeffdc3a4e478882e168c0cc478aaccb0409ed6ef12d05523456331d7c449c9cf","14954169","1655096167","2022-06-13 04:56:07","0x45ecd328179d61c4f74ce729c2399675e5bc85d0","0x68b3465833fb72a70ecdf485e0e4c7bd8665fc45","0","0x68b3465833fb72a70ecdf485e0e4c7bd8665fc45","0x45ecd328179d61c4f74ce729c2399675e5bc85d0","","0.300435368622877749","0","765.651163454572","1209.12","0","","call",""
"0xc4706872aa2196507f206ec4989c34e784f854bcd4924a672b38f0276aa6a135","14961729","1655209645","2022-06-14 12:27:25","0x45ecd328179d61c4f74ce729c2399675e5bc85d0","0x68b3465833fb72a70ecdf485e0e4c7bd8665fc45","0","0x68b3465833fb72a70ecdf485e0e4c7bd8665fc45","0x45ecd328179d61c4f74ce729c2399675e5bc85d0","","0.253909315884436049","0","647.080814785497","1206.94","0","","call",""
"0x6a1e0c0d60a7d1295783d743b865ee32cbc170f7b98171673961f528375aa5ef","14978313","1655456467","2022-06-17 09:01:07","0x45ecd328179d61c4f74ce729c2399675e5bc85d0","0x68b3465833fb72a70ecdf485e0e4c7bd8665fc45","0","0x68b3465833fb72a70ecdf485e0e4c7bd8665fc45","0x45ecd328179d61c4f74ce729c2399675e5bc85d0","","0.048829145165544975","0","124.439715529701","1085.21","0","","call",""
"0x0e82926165c5d47417ffde0c8c6c9b8d86c44a664034cf5a59820a672d739861","14981641","1655505428","2022-06-17 22:37:08","0x45ecd328179d61c4f74ce729c2399675e5bc85d0","0x68b3465833fb72a70ecdf485e0e4c7bd8665fc45","0","0x68b3465833fb72a70ecdf485e0e4c7bd8665fc45","0x45ecd328179d61c4f74ce729c2399675e5bc85d0","","0.124153726818508503","0","316.402312489161","1085.21","0","","call",""
"0x4c223e1f4255df160540c7de4a5e0709eb1cc5179dfecf2508c9a4dd745b1b37","14986311","1655575095","2022-06-18 17:58:15","0x45ecd328179d61c4f74ce729c2399675e5bc85d0","0x68b3465833fb72a70ecdf485e0e4c7bd8665fc45","0","0x68b3465833fb72a70ecdf485e0e4c7bd8665fc45","0x45ecd328179d61c4f74ce729c2399675e5bc85d0","","0.486577044855652612","0","1240.02803735022","994.41","0","","call",""
"0xf9a8f56a9332116f8549c1f7676f10a917a0462a60fc542d8583d44988530f55","14996618","1655728910","2022-06-20 12:41:50","0x45ecd328179d61c4f74ce729c2399675e5bc85d0","0x68b3465833fb72a70ecdf485e0e4c7bd8665fc45","0","0x68b3465833fb72a70ecdf485e0e4c7bd8665fc45","0x45ecd328179d61c4f74ce729c2399675e5bc85d0","","0.13326479132581108","0","339.621606450128","1126.99","0","","call",""
"0xb713497f0dbf64c72497b1565b43ee0f290159557c479aae9c1893c5bbdf3d18","14999033","1655764660","2022-06-20 22:37:40","0x45ecd328179d61c4f74ce729c2399675e5bc85d0","0x68b3465833fb72a70ecdf485e0e4c7bd8665fc45","0","0x68b3465833fb72a70ecdf485e0e4c7bd8665fc45","0x45ecd328179d61c4f74ce729c2399675e5bc85d0","","0.185745233052583713","0","473.366549500264","1126.99","0","","call",""
"0xb6ed4870639f1ccb5eb6505ccc73ef154591dc6eb583e8090229939c16bf1f0f","15009587","1655932579","2022-06-22 21:16:19","0x45ecd328179d61c4f74ce729c2399675e5bc85d0","0x68b3465833fb72a70ecdf485e0e4c7bd8665fc45","0","0x68b3465833fb72a70ecdf485e0e4c7bd8665fc45","0x45ecd328179d61c4f74ce729c2399675e5bc85d0","","0.057721730046472363","0","147.10222025213","1048.30","0","","call",""
"0x9da4b065a94eea0383a1a4a61df0c259f730552bbdccfcc44921939976d8aaee","15014892","1656019022","2022-06-23 21:17:02","0x45ecd328179d61c4f74ce729c2399675e5bc85d0","0x68b3465833fb72a70ecdf485e0e4c7bd8665fc45","0","0x68b3465833fb72a70ecdf485e0e4c7bd8665fc45","0x45ecd328179d61c4f74ce729c2399675e5bc85d0","","0.264371145084712444","0","673.742494919135","1143.46","0","","call",""
"0xe3864e372a28c1d1b2d0cede7c2a5ce7655692f4d47113fcb26b44431b034ca0","15021117","1656118994","2022-06-25 01:03:14","0x45ecd328179d61c4f74ce729c2399675e5bc85d0","0x68b3465833fb72a70ecdf485e0e4c7bd8665fc45","0","0x68b3465833fb72a70ecdf485e0e4c7bd8665fc45","0x45ecd328179d61c4f74ce729c2399675e5bc85d0","","0.179818228304955247","0","458.261743093403","1241.00","0","","call",""
"0x5a4c2b47c7e2629272ca9bed48b80133cf76d2099a7fdfb419b9daad6c46be39","15032281","1656300328","2022-06-27 03:25:28","0x45ecd328179d61c4f74ce729c2399675e5bc85d0","0x68b3465833fb72a70ecdf485e0e4c7bd8665fc45","0","0x68b3465833fb72a70ecdf485e0e4c7bd8665fc45","0x45ecd328179d61c4f74ce729c2399675e5bc85d0","","0.095161334675403216","0","242.516009163923","1190.73","0","","call",""
"0x14c3f5d11660384931d7f00b8e75e2a206fb9d5c25c11beaa65be6eb736030f8","15070715","1656866672","2022-07-03 16:44:32","0x45ecd328179d61c4f74ce729c2399675e5bc85d0","0x68b3465833fb72a70ecdf485e0e4c7bd8665fc45","0","0x68b3465833fb72a70ecdf485e0e4c7bd8665fc45","0x45ecd328179d61c4f74ce729c2399675e5bc85d0","","0.264763511106328252","0","674.742428789528","1072.95","0","","call",""
"0x0371d7c41e32e689a05d5b60f99d2220ed2691908dc42e943b9692099ff51bfd","15092222","1657153829","2022-07-07 00:30:29","0x45ecd328179d61c4f74ce729c2399675e5bc85d0","0x68b3465833fb72a70ecdf485e0e4c7bd8665fc45","0","0x68b3465833fb72a70ecdf485e0e4c7bd8665fc45","0x45ecd328179d61c4f74ce729c2399675e5bc85d0","","0.471848617950875467","0","1202.49305188167","1236.64","0","","call",""
"0x6321ec826dc713001e081d2a341cb5782fc7eb75c22498681088bcca5ab6c01e","15116558","1657478308","2022-07-10 18:38:28","0x45ecd328179d61c4f74ce729c2399675e5bc85d0","0x68b3465833fb72a70ecdf485e0e4c7bd8665fc45","0","0x68b3465833fb72a70ecdf485e0e4c7bd8665fc45","0x45ecd328179d61c4f74ce729c2399675e5bc85d0","","0.089428441531335194","0","227.905890768621","1167.31","0","","call",""
"0xcde42d5066ddea2748d3bffb9701a88c481982541590c2b1304c33dce398e7b3","15116623","1657479304","2022-07-10 18:55:04","0x45ecd328179d61c4f74ce729c2399675e5bc85d0","0x68b3465833fb72a70ecdf485e0e4c7bd8665fc45","0","0x68b3465833fb72a70ecdf485e0e4c7bd8665fc45","0x45ecd328179d61c4f74ce729c2399675e5bc85d0","","0.118273842565325695","0","301.417591349093","1167.31","0","","call",""
"0x50d3248c163d8fc95af8cd74a3bb813989448347934e5caec41f1672cbc37221","15117585","1657492323","2022-07-10 22:32:03","0x45ecd328179d61c4f74ce729c2399675e5bc85d0","0x68b3465833fb72a70ecdf485e0e4c7bd8665fc45","0","0x68b3465833fb72a70ecdf485e0e4c7bd8665fc45","0x45ecd328179d61c4f74ce729c2399675e5bc85d0","","0.473514613816699695","0","1206.7387959125","1167.31","0","","call",""
"0xa973f60320cba98e40c3bbf056187bee04da8bc8a7ef9fc5279d3578e09b36f1","15121288","1657541512","2022-07-11 12:11:52","0x45ecd328179d61c4f74ce729c2399675e5bc85d0","0xdef1c0ded9bec7f1a1670819833240f027b25eff","0","0xdef1c0ded9bec7f1a1670819833240f027b25eff","0x45ecd328179d61c4f74ce729c2399675e5bc85d0","","0.104188293508255208","0","265.520962157674","1095.67","0","","call",""
"0x79f662ab42bd6253c234ebb24d4d79d29c6fa4eccc9b21619ee9c5919ab4be02","15127998","1657631428","2022-07-12 13:10:28","0x45ecd328179d61c4f74ce729c2399675e5bc85d0","0x68b3465833fb72a70ecdf485e0e4c7bd8665fc45","0","0x68b3465833fb72a70ecdf485e0e4c7bd8665fc45","0x45ecd328179d61c4f74ce729c2399675e5bc85d0","","0.140388094123725213","0","357.775145095933","1037.37","0","","call",""
"0x0e460ddc9ca4eeba7489c76ee3e7dd78b789e1793711027a2dea830acd3741c9","15145328","1657861985","2022-07-15 05:13:05","0x45ecd328179d61c4f74ce729c2399675e5bc85d0","0x68b3465833fb72a70ecdf485e0e4c7bd8665fc45","0","0x68b3465833fb72a70ecdf485e0e4c7bd8665fc45","0x45ecd328179d61c4f74ce729c2399675e5bc85d0","","0.031642115826006754","0","80.6390502802524","1231.23","0","","call",""
"0x784d8249087bee41d6213affeb6078a8008cbd481a82cdcfcb953a099ea4dc19","15155680","1658000939","2022-07-16 19:48:59","0x45ecd328179d61c4f74ce729c2399675e5bc85d0","0x68b3465833fb72a70ecdf485e0e4c7bd8665fc45","0","0x68b3465833fb72a70ecdf485e0e4c7bd8665fc45","0x45ecd328179d61c4f74ce729c2399675e5bc85d0","","0.05796033979160573","0","147.710310537273","1356.31","0","","call",""
"0x9eaed5a5610cf4e6b240a99ca5805c97cab99c135899e935e6c4451061b21af8","15155897","1658003858","2022-07-16 20:37:38","0x45ecd328179d61c4f74ce729c2399675e5bc85d0","0x68b3465833fb72a70ecdf485e0e4c7bd8665fc45","0","0x68b3465833fb72a70ecdf485e0e4c7bd8665fc45","0x45ecd328179d61c4f74ce729c2399675e5bc85d0","","0.143312258490002177","0","365.227296483551","1356.31","0","","call",""
"0x1643a2690b557c46c5053619f477d36329a92f4352ee88b70a50cc1c43749ff5","15156201","1658007717","2022-07-16 21:41:57","0x45ecd328179d61c4f74ce729c2399675e5bc85d0","0x68b3465833fb72a70ecdf485e0e4c7bd8665fc45","0","0x68b3465833fb72a70ecdf485e0e4c7bd8665fc45","0x45ecd328179d61c4f74ce729c2399675e5bc85d0","","0.039726196982377137","0","101.241105794581","1356.31","0","","call",""
"0xed068d566e39e795e5e381010e53662e7a28d1e8fab37f704b7a6e9b855e9c40","15157871","1658029755","2022-07-17 03:49:15","0x45ecd328179d61c4f74ce729c2399675e5bc85d0","0x68b3465833fb72a70ecdf485e0e4c7bd8665fc45","0","0x68b3465833fb72a70ecdf485e0e4c7bd8665fc45","0x45ecd328179d61c4f74ce729c2399675e5bc85d0","","0.057123042752158516","0","145.576482368677","1337.97","0","","call",""
"0x17aef807d003df794b19a7cee73cf98f058c4837b685e356082bed9569974766","15163138","1658101154","2022-07-17 23:39:14","0x45ecd328179d61c4f74ce729c2399675e5bc85d0","0x68b3465833fb72a70ecdf485e0e4c7bd8665fc45","0","0x68b3465833fb72a70ecdf485e0e4c7bd8665fc45","0x45ecd328179d61c4f74ce729c2399675e5bc85d0","","0.414995138204395128","0","1057.60354331993","1337.97","0","","call",""
"0xd284a6543bfdf58e5f98d96f98a8750686cc8c4549f7e4cb8e5b08ac5816ec7a","15164114","1658113784","2022-07-18 03:09:44","0x45ecd328179d61c4f74ce729c2399675e5bc85d0","0x68b3465833fb72a70ecdf485e0e4c7bd8665fc45","0","0x68b3465833fb72a70ecdf485e0e4c7bd8665fc45","0x45ecd328179d61c4f74ce729c2399675e5bc85d0","","0.057912000854459734","0","147.587120103218","1583.55","0","","call",""
"0x7c15e208247ac42eafd6ef344238657da0985da78e64916d78af8e4a1574c015","15166475","1658145301","2022-07-18 11:55:01","0x45ecd328179d61c4f74ce729c2399675e5bc85d0","0x68b3465833fb72a70ecdf485e0e4c7bd8665fc45","0","0x68b3465833fb72a70ecdf485e0e4c7bd8665fc45","0x45ecd328179d61c4f74ce729c2399675e5bc85d0","","0.176073154963134986","0","448.717528061295","1583.55","0","","call",""
"0xc6adae8a4222566c4b188ec24396090ecf08530691d7f7ac8deade1e6a0e6c88","15166483","1658145376","2022-07-18 11:56:16","0x45ecd328179d61c4f74ce729c2399675e5bc85d0","0x68b3465833fb72a70ecdf485e0e4c7bd8665fc45","0","0x68b3465833fb72a70ecdf485e0e4c7bd8665fc45","0x45ecd328179d61c4f74ce729c2399675e5bc85d0","","0.239104174168824985","0","609.350323759667","1583.55","0","","call",""
"0xa27325289e2ee525d4d22135c174672536dcb9b74718d9c3fc5983f3d077e736","15168639","1658174188","2022-07-18 19:56:28","0x45ecd328179d61c4f74ce729c2399675e5bc85d0","0x68b3465833fb72a70ecdf485e0e4c7bd8665fc45","0","0x68b3465833fb72a70ecdf485e0e4c7bd8665fc45","0x45ecd328179d61c4f74ce729c2399675e5bc85d0","","0.120335207176511957","0","306.670921608087","1583.55","0","","call",""
"0x707a0e5499e4e4d99e98c8df3d02920cad478f3dd7dc40232cb442607f9d328d","15175506","1658265963","2022-07-19 21:26:03","0x45ecd328179d61c4f74ce729c2399675e5bc85d0","0x68b3465833fb72a70ecdf485e0e4c7bd8665fc45","0","0x68b3465833fb72a70ecdf485e0e4c7bd8665fc45","0x45ecd328179d61c4f74ce729c2399675e5bc85d0","","0.254693308332012751","0","649.078797687371","1543.12","0","","call",""
"0x4441f7c2a6d4d40615ead864f2dd8842554f74600a8ecd72fdbbcca91352ae00","15192599","1658496115","2022-07-22 13:21:55","0x45ecd328179d61c4f74ce729c2399675e5bc85d0","0x68b3465833fb72a70ecdf485e0e4c7bd8665fc45","0","0x68b3465833fb72a70ecdf485e0e4c7bd8665fc45","0x45ecd328179d61c4f74ce729c2399675e5bc85d0","","0.037044751552726555","0","94.4075168520982","1535.71","0","","call",""
"0x3f970f3e3ba6f84562a3b606e21612fa0e7633fc3c444c4698150b6c9fc86a15","15192613","1658496263","2022-07-22 13:24:23","0x45ecd328179d61c4f74ce729c2399675e5bc85d0","0x68b3465833fb72a70ecdf485e0e4c7bd8665fc45","0","0x68b3465833fb72a70ecdf485e0e4c7bd8665fc45","0x45ecd328179d61c4f74ce729c2399675e5bc85d0","","0.038781955472677062","0","98.8347326242117","1535.71","0","","call",""
"0x73fd3cb5e307d9dd4c7c7fbe1bf43df41ec15620a4c399995c1fdaebf7f2120b","15192628","1658496470","2022-07-22 13:27:50","0x45ecd328179d61c4f74ce729c2399675e5bc85d0","0x68b3465833fb72a70ecdf485e0e4c7bd8665fc45","0","0x68b3465833fb72a70ecdf485e0e4c7bd8665fc45","0x45ecd328179d61c4f74ce729c2399675e5bc85d0","","0.014024838818680559","0","35.7419108409459","1535.71","0","","call",""
"0x531c920805bdbd56e6745d7721ab25efa2943c3546e5d940ce150081c9cefb49","15200418","1658600030","2022-07-23 18:13:50","0x45ecd328179d61c4f74ce729c2399675e5bc85d0","0x68b3465833fb72a70ecdf485e0e4c7bd8665fc45","0","0x68b3465833fb72a70ecdf485e0e4c7bd8665fc45","0x45ecd328179d61c4f74ce729c2399675e5bc85d0","","0.02606971240053745","0","66.4379354597654","1549.19","0","","call",""
"0x4554e87f33dea5c366b67b51dbd95f3508d74eec2f14687cce1805a4923beca2","15201111","1658608760","2022-07-23 20:39:20","0x45ecd328179d61c4f74ce729c2399675e5bc85d0","0x68b3465833fb72a70ecdf485e0e4c7bd8665fc45","0","0x68b3465833fb72a70ecdf485e0e4c7bd8665fc45","0x45ecd328179d61c4f74ce729c2399675e5bc85d0","","0.08712212576779841","0","222.028309324933","1549.19","0","","call",""
"0xda0a19d762aa6f2f4d6f598f20cadf1b5faf9b6b27ec09f8c73ee63509e88283","15202628","1658629249","2022-07-24 02:20:49","0x45ecd328179d61c4f74ce729c2399675e5bc85d0","0x68b3465833fb72a70ecdf485e0e4c7bd8665fc45","0","0x68b3465833fb72a70ecdf485e0e4c7bd8665fc45","0x45ecd328179d61c4f74ce729c2399675e5bc85d0","","0.040649983799025437","0","103.595350749803","1597.72","0","","call",""
"0x8cc6ee250df05598f4f34008cdf5616880a35dabe16e0f72b330b95af53d2fca","15203127","1658636393","2022-07-24 04:19:53","0x45ecd328179d61c4f74ce729c2399675e5bc85d0","0x68b3465833fb72a70ecdf485e0e4c7bd8665fc45","0","0x68b3465833fb72a70ecdf485e0e4c7bd8665fc45","0x45ecd328179d61c4f74ce729c2399675e5bc85d0","","0.025237602529747527","0","64.3173266459208","1597.72","0","","call",""
"0xa8e0205b0a16de8d256b740a7f4bf393bd05561e5529761ccf9df8b18f91a6c2","15231426","1659016987","2022-07-28 14:03:07","0x45ecd328179d61c4f74ce729c2399675e5bc85d0","0x68b3465833fb72a70ecdf485e0e4c7bd8665fc45","0","0x68b3465833fb72a70ecdf485e0e4c7bd8665fc45","0x45ecd328179d61c4f74ce729c2399675e5bc85d0","","0.033714262997529503","0","85.9198595937424","1725.82","0","","call",""
"0x02520ba6a4179ba1d7c10017ed815d0955be63f91eed880af95178c8b36ea6bd","15311949","1660101361","2022-08-10 03:16:01","0x45ecd328179d61c4f74ce729c2399675e5bc85d0","0x68b3465833fb72a70ecdf485e0e4c7bd8665fc45","0","0x68b3465833fb72a70ecdf485e0e4c7bd8665fc45","0x45ecd328179d61c4f74ce729c2399675e5bc85d0","","0.293216791492636165","0","747.254820828236","1854.05","0","","call",""
"0x682d465beb2cd45d6b60fb3ac3dfa82cf9fd75682de7725d67330fdc24a7e054","15340633","1660491707","2022-08-14 15:41:47","0x45ecd328179d61c4f74ce729c2399675e5bc85d0","0x68b3465833fb72a70ecdf485e0e4c7bd8665fc45","0","0x68b3465833fb72a70ecdf485e0e4c7bd8665fc45","0x45ecd328179d61c4f74ce729c2399675e5bc85d0","","0.192981110345162347","0","491.80698110814","1936.02","0","","call",""
"0xb82756b0aa613ab2d38bbda7ae3a135c9f02cdf6f5dc57d2e28d47eda0d6ffb9","15364361","1660816853","2022-08-18 10:00:53","0x45ecd328179d61c4f74ce729c2399675e5bc85d0","0x68b3465833fb72a70ecdf485e0e4c7bd8665fc45","0","0x68b3465833fb72a70ecdf485e0e4c7bd8665fc45","0x45ecd328179d61c4f74ce729c2399675e5bc85d0","","0.389893699081684612","0","993.633225321816","1846.36","0","","call",""
"0x1d7223c422139019542cfef06d2ed51d4abd73efd20ed693f4236b84270437be","15371339","1660912775","2022-08-19 12:39:35","0x45ecd328179d61c4f74ce729c2399675e5bc85d0","0x68b3465833fb72a70ecdf485e0e4c7bd8665fc45","0","0x68b3465833fb72a70ecdf485e0e4c7bd8665fc45","0x45ecd328179d61c4f74ce729c2399675e5bc85d0","","0.370406302391721814","0","943.970137993706","1609.05","0","","call",""
"0x4b81692732666c5264ed1e31641764ddced07c7694a0df579922279954d16fcc","15374848","1660960478","2022-08-20 01:54:38","0x45ecd328179d61c4f74ce729c2399675e5bc85d0","0x68b3465833fb72a70ecdf485e0e4c7bd8665fc45","0","0x68b3465833fb72a70ecdf485e0e4c7bd8665fc45","0x45ecd328179d61c4f74ce729c2399675e5bc85d0","","0.283525263618017745","0","722.55623215385","1575.73","0","","call",""
"0x6d25db8407ae3b1962b975a92e9b7edcfa38f3ede859c7c6581f24238688fd09","15377990","1661003766","2022-08-20 13:56:06","0x45ecd328179d61c4f74ce729c2399675e5bc85d0","0x68b3465833fb72a70ecdf485e0e4c7bd8665fc45","0","0x68b3465833fb72a70ecdf485e0e4c7bd8665fc45","0x45ecd328179d61c4f74ce729c2399675e5bc85d0","","0.142364042444418166","0","362.810794319256","1575.73","0","","call",""
"0x6eaf065a72b2f4defc92456e59675e121cdb8e5654ab402eb12badeacf88ee14","15385597","1661107467","2022-08-21 18:44:27","0x45ecd328179d61c4f74ce729c2399675e5bc85d0","0x68b3465833fb72a70ecdf485e0e4c7bd8665fc45","0","0x68b3465833fb72a70ecdf485e0e4c7bd8665fc45","0x45ecd328179d61c4f74ce729c2399675e5bc85d0","","0.147669136190566511","0","376.330677872224","1617.86","0","","call",""
"0x0bad16e8597777be5ee81303e6917dec23d9999cb243999440ed65cc26d6366d","15387030","1661126297","2022-08-21 23:58:17","0x45ecd328179d61c4f74ce729c2399675e5bc85d0","0x68b3465833fb72a70ecdf485e0e4c7bd8665fc45","0","0x68b3465833fb72a70ecdf485e0e4c7bd8665fc45","0x45ecd328179d61c4f74ce729c2399675e5bc85d0","","0.144339557218496097","0","367.845338661115","1617.86","0","","call",""
"0x2badff23e680b375642942b41a96e5e8c21ba3f9bc66994f970c9041a836e590","15405128","1661374622","2022-08-24 20:57:02","0x45ecd328179d61c4f74ce729c2399675e5bc85d0","0x68b3465833fb72a70ecdf485e0e4c7bd8665fc45","0","0x68b3465833fb72a70ecdf485e0e4c7bd8665fc45","0x45ecd328179d61c4f74ce729c2399675e5bc85d0","","0.127610180217871381","0","325.210987642088","1656.52","0","","call",""
"0xf666744e9ed3b18c7741002448e266792476e90c5f5fc4da2fe60de8f5b5130e","15405589","1661380691","2022-08-24 22:38:11","0x45ecd328179d61c4f74ce729c2399675e5bc85d0","0x68b3465833fb72a70ecdf485e0e4c7bd8665fc45","0","0x68b3465833fb72a70ecdf485e0e4c7bd8665fc45","0x45ecd328179d61c4f74ce729c2399675e5bc85d0","","0.128685912119586724","0","327.952460411719","1656.52","0","","call",""
"0x144d383efa4b5bee15546be8354bca06f41898858f1ac156d0eca0bc18b72ddc","15405783","1661383694","2022-08-24 23:28:14","0x45ecd328179d61c4f74ce729c2399675e5bc85d0","0x68b3465833fb72a70ecdf485e0e4c7bd8665fc45","0","0x68b3465833fb72a70ecdf485e0e4c7bd8665fc45","0x45ecd328179d61c4f74ce729c2399675e5bc85d0","","0.035782125279121417","0","91.1897489846685","1656.52","0","","call",""
"0x74d085ea46dc248e37e0940dc54fe8d306c1f8a30e6d04db44a6e85921d03b6f","15413071","1661485323","2022-08-26 03:42:03","0x45ecd328179d61c4f74ce729c2399675e5bc85d0","0x68b3465833fb72a70ecdf485e0e4c7bd8665fc45","0","0x68b3465833fb72a70ecdf485e0e4c7bd8665fc45","0x45ecd328179d61c4f74ce729c2399675e5bc85d0","","0.155107246357134567","0","395.286494322998","1508.09","0","","call",""
"0x069360bd0f69743cc29a854b523e81dc58356d22ce3d1583e4134ab8e411c6f3","15413449","1661490627","2022-08-26 05:10:27","0x45ecd328179d61c4f74ce729c2399675e5bc85d0","0x68b3465833fb72a70ecdf485e0e4c7bd8665fc45","0","0x68b3465833fb72a70ecdf485e0e4c7bd8665fc45","0x45ecd328179d61c4f74ce729c2399675e5bc85d0","","0.20204622415734107","0","514.909171003282","1508.09","0","","call",""
"0xf2bca9c59f3319bbec70b231a8ea97727c01a86822a6d755fdf8c83423245678","15426103","1661666196","2022-08-28 05:56:36","0x45ecd328179d61c4f74ce729c2399675e5bc85d0","0x68b3465833fb72a70ecdf485e0e4c7bd8665fc45","0","0x68b3465833fb72a70ecdf485e0e4c7bd8665fc45","0x45ecd328179d61c4f74ce729c2399675e5bc85d0","","0.070869142252948817","0","180.608033826767","1426.40","0","","call",""
"0x5b8c19e38fb7d01106cf2be99af5a982bcce4213d2b056aeed6218b094a9f5b2","15450700","1662005279","2022-09-01 04:07:59","0x45ecd328179d61c4f74ce729c2399675e5bc85d0","0x68b3465833fb72a70ecdf485e0e4c7bd8665fc45","0","0x68b3465833fb72a70ecdf485e0e4c7bd8665fc45","0x45ecd328179d61c4f74ce729c2399675e5bc85d0","","0.043212518326409097","0","110.125898572042","1585.98","0","","call",""
"0x2c10a5faa4723c4c9b9e59e156ef71b72a847cc1adc6008d546e728281a7f11e","15472747","1662310179","2022-09-04 16:49:39","0x45ecd328179d61c4f74ce729c2399675e5bc85d0","0x68b3465833fb72a70ecdf485e0e4c7bd8665fc45","0","0x68b3465833fb72a70ecdf485e0e4c7bd8665fc45","0x45ecd328179d61c4f74ce729c2399675e5bc85d0","","0.564598401879762609","0","1438.86329118081","1579.06","0","","call",""
"0xa95848bd3ca3f15639e55a22505f2aa53a07d9b703889584ad7cb8bf76af440a","15493323","1662595656","2022-09-08 00:07:36","0x45ecd328179d61c4f74ce729c2399675e5bc85d0","0x68b3465833fb72a70ecdf485e0e4c7bd8665fc45","0","0x68b3465833fb72a70ecdf485e0e4c7bd8665fc45","0x45ecd328179d61c4f74ce729c2399675e5bc85d0","","0.002345461787254497","0","5.97734399408824","1635.60","0","","call",""
"0x613b101f55c0a1fbf7865046056014d25931e18119de27e749ae1370d35d7516","15540858","1663266347","2022-09-15 18:25:47","0x45ecd328179d61c4f74ce729c2399675e5bc85d0","0x68b3465833fb72a70ecdf485e0e4c7bd8665fc45","0","0x68b3465833fb72a70ecdf485e0e4c7bd8665fc45","0x45ecd328179d61c4f74ce729c2399675e5bc85d0","","0.397059922481616618","0","1011.89614592562","1472.51","0","","call",""
"0xe3c78a2180e183ac0b2838f75ca6cb941fa7a406d5a76780441886c0c144dcae","15563944","1663546679","2022-09-19 00:17:59","0x45ecd328179d61c4f74ce729c2399675e5bc85d0","0x68b3465833fb72a70ecdf485e0e4c7bd8665fc45","0","0x68b3465833fb72a70ecdf485e0e4c7bd8665fc45","0x45ecd328179d61c4f74ce729c2399675e5bc85d0","","0.45780296672743285","0","1166.69810120726","1376.21","0","","call",""
"0x3bcd10b142fd4e006a4b9f344c9bb2aa0358c24b7d4a3bcaab5cdbcd7110cde9","15734026","1665601823","2022-10-12 19:10:23","0x45ecd328179d61c4f74ce729c2399675e5bc85d0","0x68b3465833fb72a70ecdf485e0e4c7bd8665fc45","0","0x68b3465833fb72a70ecdf485e0e4c7bd8665fc45","0x45ecd328179d61c4f74ce729c2399675e5bc85d0","","0.790323484366083141","0","2014.11737267835","1294.29","0","","call",""
"0x85c12fba417a54d4b0336a55b5b1371e4dd900396725c3115000e67c8b0b4c07","15763938","1665962699","2022-10-16 23:24:59","0x45ecd328179d61c4f74ce729c2399675e5bc85d0","0x68b3465833fb72a70ecdf485e0e4c7bd8665fc45","0","0x68b3465833fb72a70ecdf485e0e4c7bd8665fc45","0x45ecd328179d61c4f74ce729c2399675e5bc85d0","","0.230959571898353363","0","588.594031872846","1305.87","0","","call",""
"0x09d718b73c02d6004c04fc826e800babb87b0614cebbd40a18fc427f24863e3e","15768836","1666021943","2022-10-17 15:52:23","0x45ecd328179d61c4f74ce729c2399675e5bc85d0","0x68b3465833fb72a70ecdf485e0e4c7bd8665fc45","0","0x68b3465833fb72a70ecdf485e0e4c7bd8665fc45","0x45ecd328179d61c4f74ce729c2399675e5bc85d0","","0.20027168457156726","0","510.386806327406","1331.52","0","","call",""
"0x9e7cab77f2e3f5f3ef399e65e1bd791a8e337ced6a6b32142b9ed35942bf9b9d","15784416","1666209851","2022-10-19 20:04:11","0x45ecd328179d61c4f74ce729c2399675e5bc85d0","0x68b3465833fb72a70ecdf485e0e4c7bd8665fc45","0","0x68b3465833fb72a70ecdf485e0e4c7bd8665fc45","0x45ecd328179d61c4f74ce729c2399675e5bc85d0","","0.17985774466570657","0","458.362449437411","1284.85","0","","call",""
"0x34f3698662e906096bfc7af37882391134a794c66c47a0a639abe6d0354f887e","15784820","1666214723","2022-10-19 21:25:23","0x45ecd328179d61c4f74ce729c2399675e5bc85d0","0x68b3465833fb72a70ecdf485e0e4c7bd8665fc45","0","0x68b3465833fb72a70ecdf485e0e4c7bd8665fc45","0x45ecd328179d61c4f74ce729c2399675e5bc85d0","","0.143670816629292277","0","366.141071908102","1284.85","0","","call",""
"0x96e2552efc1f8ff18208aa6502f2bdc47f926bd9c9e17a5a33da8a49fb4aa451","15787524","1666247387","2022-10-20 06:29:47","0x45ecd328179d61c4f74ce729c2399675e5bc85d0","0x68b3465833fb72a70ecdf485e0e4c7bd8665fc45","0","0x68b3465833fb72a70ecdf485e0e4c7bd8665fc45","0x45ecd328179d61c4f74ce729c2399675e5bc85d0","","0.542392931645536409","0","1382.27326918099","1282.68","0","","call",""
"0x99bf491b6d9eed357f0275d59bf6e28727b261889149e22492a6db91a52e70d7","15789778","1666274567","2022-10-20 14:02:47","0x45ecd328179d61c4f74ce729c2399675e5bc85d0","0x68b3465833fb72a70ecdf485e0e4c7bd8665fc45","0","0x68b3465833fb72a70ecdf485e0e4c7bd8665fc45","0x45ecd328179d61c4f74ce729c2399675e5bc85d0","","0.078188188024161064","0","199.26041798444","1282.68","0","","call",""
"0x16a29663da1d9900773ef5316de5fd826f7a3789a657329f7c2e1111ded432da","15792809","1666311059","2022-10-21 00:10:59","0x45ecd328179d61c4f74ce729c2399675e5bc85d0","0x68b3465833fb72a70ecdf485e0e4c7bd8665fc45","0","0x68b3465833fb72a70ecdf485e0e4c7bd8665fc45","0x45ecd328179d61c4f74ce729c2399675e5bc85d0","","0.225314971012009301","0","574.208923835546","1299.88","0","","call",""
"0xb93f46da8ce4617cc294a5b0b3056ea27f84d70b3ff2fcaa696b0ccd7ce2702e","15794419","1666330439","2022-10-21 05:33:59","0x45ecd328179d61c4f74ce729c2399675e5bc85d0","0x68b3465833fb72a70ecdf485e0e4c7bd8665fc45","0","0x68b3465833fb72a70ecdf485e0e4c7bd8665fc45","0x45ecd328179d61c4f74ce729c2399675e5bc85d0","","0.081042552092276512","0","206.534685257607","1299.88","0","","call",""
"0xa5dbdd1b6d2506035aa32c5b26bfaf7e36997931fa26e6fd588eb473aaca1667","15794731","1666334219","2022-10-21 06:36:59","0x45ecd328179d61c4f74ce729c2399675e5bc85d0","0x68b3465833fb72a70ecdf485e0e4c7bd8665fc45","0","0x68b3465833fb72a70ecdf485e0e4c7bd8665fc45","0x45ecd328179d61c4f74ce729c2399675e5bc85d0","","0.393044191351088702","0","1001.66216706253","1299.88","0","","call",""
"0x9969370ae162442b7978fd5c8ce244ea458fe6f978cc8ef996c5543282fb9333","15794765","1666334639","2022-10-21 06:43:59","0x45ecd328179d61c4f74ce729c2399675e5bc85d0","0x68b3465833fb72a70ecdf485e0e4c7bd8665fc45","0.350541845428590392","0x68b3465833fb72a70ecdf485e0e4c7bd8665fc45","0x45ecd328179d61c4f74ce729c2399675e5bc85d0","","0.021533386418927997","0","54.8772351282799","1299.88","0","","call",""
"0xf4112b77c3196d886b54fc3b685794895b50438aa8f7228532d5b850da5acb0b","15795163","1666339427","2022-10-21 08:03:47","0x45ecd328179d61c4f74ce729c2399675e5bc85d0","0x68b3465833fb72a70ecdf485e0e4c7bd8665fc45","0","0x68b3465833fb72a70ecdf485e0e4c7bd8665fc45","0x45ecd328179d61c4f74ce729c2399675e5bc85d0","","0.466868974930565437","0","1189.80257043282","1299.88","0","","call",""
"0xdd10b8dffbefc2fbbeb76bc926fcbdc08944a1b9f2c3d33f95429d9dfd843214","15796178","1666351619","2022-10-21 11:26:59","0x45ecd328179d61c4f74ce729c2399675e5bc85d0","0x68b3465833fb72a70ecdf485e0e4c7bd8665fc45","0","0x68b3465833fb72a70ecdf485e0e4c7bd8665fc45","0x45ecd328179d61c4f74ce729c2399675e5bc85d0","","1.358473656126438476","0","3462.03225040792","1299.88","0","","call",""
"0xda9dd7adfc6042263993636aea5856d7281e9b8c37f732505536d56b0abd53b7","15799475","1666391447","2022-10-21 22:30:47","0x45ecd328179d61c4f74ce729c2399675e5bc85d0","0x68b3465833fb72a70ecdf485e0e4c7bd8665fc45","0","0x68b3465833fb72a70ecdf485e0e4c7bd8665fc45","0x45ecd328179d61c4f74ce729c2399675e5bc85d0","","1.943020933165078053","0","4951.73469393292","1299.88","0","","call",""
"0x9e7a6bf16bb3751ff161cb4274dd962045eb0b08297de22447f27412d413b456","15799789","1666395215","2022-10-21 23:33:35","0x45ecd328179d61c4f74ce729c2399675e5bc85d0","0x68b3465833fb72a70ecdf485e0e4c7bd8665fc45","0","0x68b3465833fb72a70ecdf485e0e4c7bd8665fc45","0x45ecd328179d61c4f74ce729c2399675e5bc85d0","","0.68969480029661308","0","1757.667975965","1299.88","0","","call",""
"0x5a92050ee027e90832a394d8783e3a3801918256c406349c8b84a8c4bef3e55a","15802378","1666426427","2022-10-22 08:13:47","0x45ecd328179d61c4f74ce729c2399675e5bc85d0","0x68b3465833fb72a70ecdf485e0e4c7bd8665fc45","0.235726152295095063","0x68b3465833fb72a70ecdf485e0e4c7bd8665fc45","0x45ecd328179d61c4f74ce729c2399675e5bc85d0","","0.006865810261022186","0","17.4973260921507","1313.91","0","","call",""
"0xe4585f42ca8d470b19662c60d1d66071bcbc8d3df2f461e210159583d9626b6f","15803588","1666440959","2022-10-22 12:15:59","0x45ecd328179d61c4f74ce729c2399675e5bc85d0","0x68b3465833fb72a70ecdf485e0e4c7bd8665fc45","0","0x68b3465833fb72a70ecdf485e0e4c7bd8665fc45","0x45ecd328179d61c4f74ce729c2399675e5bc85d0","","0.920943272664270601","0","2346.99826263187","1313.91","0","","call",""
"0xbeea9f913e7bf635d275ed53fe69605e8312a01ff599ca0c4152fd04b098e569","15807608","1666489523","2022-10-23 01:45:23","0x45ecd328179d61c4f74ce729c2399675e5bc85d0","0x68b3465833fb72a70ecdf485e0e4c7bd8665fc45","0.145107092235818944","0x68b3465833fb72a70ecdf485e0e4c7bd8665fc45","0x45ecd328179d61c4f74ce729c2399675e5bc85d0","","0.002845237102663116","0","7.25100745609165","1364.20","0","","call",""
"0x921ab58a9831e63954705c91192d3d5945dbcab10f319af66cadb0d6d4a9a3e4","15808362","1666498595","2022-10-23 04:16:35","0x45ecd328179d61c4f74ce729c2399675e5bc85d0","0x68b3465833fb72a70ecdf485e0e4c7bd8665fc45","0","0x68b3465833fb72a70ecdf485e0e4c7bd8665fc45","0x45ecd328179d61c4f74ce729c2399675e5bc85d0","","0.362395930030200479","0","923.555927288702","1364.20","0","","call",""
"0x51ce471f453be67678f410f50227ebf02ca726ff1a0b4213dd885e93293e05e4","15808923","1666505339","2022-10-23 06:08:59","0x45ecd328179d61c4f74ce729c2399675e5bc85d0","0x68b3465833fb72a70ecdf485e0e4c7bd8665fc45","0","0x68b3465833fb72a70ecdf485e0e4c7bd8665fc45","0x45ecd328179d61c4f74ce729c2399675e5bc85d0","","0.099774481627246452","0","254.27248559696","1364.20","0","","call",""
"0xec8461a8f339fcb615048bb7fa835eab6d671b0c8ab5525be2566491c2f84b84","15810213","1666520867","2022-10-23 10:27:47","0x45ecd328179d61c4f74ce729c2399675e5bc85d0","0x68b3465833fb72a70ecdf485e0e4c7bd8665fc45","0.409933513159254418","0x68b3465833fb72a70ecdf485e0e4c7bd8665fc45","0x45ecd328179d61c4f74ce729c2399675e5bc85d0","","0.017036986093566352","0","43.4182842189677","1364.20","0","","call",""
"0x8e0473aed3fd5e59a1cceaaaff806ff5c28156ca9e57c4e7cdda3e83d992060d","15812596","1666549655","2022-10-23 18:27:35","0x45ecd328179d61c4f74ce729c2399675e5bc85d0","0x68b3465833fb72a70ecdf485e0e4c7bd8665fc45","0","0x68b3465833fb72a70ecdf485e0e4c7bd8665fc45","0x45ecd328179d61c4f74ce729c2399675e5bc85d0","","0.343945208244288052","0","876.534777060237","1364.20","0","","call",""
"0x6a2354ee17f60df0c7d647e218051c2309198a4d1e104a22a98445e836408aca","15814690","1666574975","2022-10-24 01:29:35","0x45ecd328179d61c4f74ce729c2399675e5bc85d0","0x68b3465833fb72a70ecdf485e0e4c7bd8665fc45","0","0x68b3465833fb72a70ecdf485e0e4c7bd8665fc45","0x45ecd328179d61c4f74ce729c2399675e5bc85d0","","0.097861199292006076","0","249.396538890989","1343.83","0","","call",""
"0xda2053bc2d121319edc7a12019210c50bf85a75107b0c2b9ba52fb7c4826b95a","15835757","1666829651","2022-10-27 00:14:11","0x45ecd328179d61c4f74ce729c2399675e5bc85d0","0x68b3465833fb72a70ecdf485e0e4c7bd8665fc45","0","0x68b3465833fb72a70ecdf485e0e4c7bd8665fc45","0x45ecd328179d61c4f74ce729c2399675e5bc85d0","","0.697227212306629137","0","1776.8641180355","1514.35","0","","call",""
"0x61743e9643ef89e3a2f52bcc006bdbe10266e0e0afe6a7e052a72ee757cb4683","15879949","1667363291","2022-11-02 04:28:11","0x45ecd328179d61c4f74ce729c2399675e5bc85d0","0x68b3465833fb72a70ecdf485e0e4c7bd8665fc45","0","0x68b3465833fb72a70ecdf485e0e4c7bd8665fc45","0x45ecd328179d61c4f74ce729c2399675e5bc85d0","","0.513667903615366801","0","1309.06833584582","1518.33","0","","call",""
"0x18e157a9149812549d98945080dfd7dd8ea2a6fccf91da7899b87c6121b239bb","15935744","1668036527","2022-11-09 23:28:47","0x45ecd328179d61c4f74ce729c2399675e5bc85d0","0x68b3465833fb72a70ecdf485e0e4c7bd8665fc45","0","0x68b3465833fb72a70ecdf485e0e4c7bd8665fc45","0x45ecd328179d61c4f74ce729c2399675e5bc85d0","","0.245766356052760668","0","626.328708608171","1104.17","0","","call",""
"0xc12f78e353bcdc4bf00047b46079cf7ecd8396440d915e8fef59222482766b0f","15993368","1668731891","2022-11-18 00:38:11","0x45ecd328179d61c4f74ce729c2399675e5bc85d0","0x68b3465833fb72a70ecdf485e0e4c7bd8665fc45","0","0x68b3465833fb72a70ecdf485e0e4c7bd8665fc45","0x45ecd328179d61c4f74ce729c2399675e5bc85d0","","0.535832655515024092","0","1365.55458830486","1210.98","0","","call",""
"0x18d7f8765a07226e01ad939fda84bfd5b6bf27edc80503f0911a990499d31eb8","15994447","1668744947","2022-11-18 04:15:47","0x45ecd328179d61c4f74ce729c2399675e5bc85d0","0x68b3465833fb72a70ecdf485e0e4c7bd8665fc45","0","0x68b3465833fb72a70ecdf485e0e4c7bd8665fc45","0x45ecd328179d61c4f74ce729c2399675e5bc85d0","","0.585277740890710696","0","1491.56401029314","1210.98","0","","call",""
"0x67028a8d57f254fb141d8ec6cd3030eae95e47d9198258ec5436750c87aac2f3","15994867","1668750023","2022-11-18 05:40:23","0x45ecd328179d61c4f74ce729c2399675e5bc85d0","0x68b3465833fb72a70ecdf485e0e4c7bd8665fc45","0","0x68b3465833fb72a70ecdf485e0e4c7bd8665fc45","0x45ecd328179d61c4f74ce729c2399675e5bc85d0","","0.181409803620681389","0","462.317828426488","1210.98","0","","call",""
"0x33dcc6b72d850d632b8d719d546a13c71236e517e91210cf6b69f87644915adb","16079550","1669772039","2022-11-30 01:33:59","0x45ecd328179d61c4f74ce729c2399675e5bc85d0","0x68b3465833fb72a70ecdf485e0e4c7bd8665fc45","0.271615197265340757","0x68b3465833fb72a70ecdf485e0e4c7bd8665fc45","0x45ecd328179d61c4f74ce729c2399675e5bc85d0","","0.005325788181673348","0","13.5726227451248","1294.92","0","","call",""
"0x73993eb7c49c879d6e253cc802d6c3b2a3e53a235bdea83ce5e233ca7fd966ba","16233109","1671626099","2022-12-21 12:34:59","0x45ecd328179d61c4f74ce729c2399675e5bc85d0","0x68b3465833fb72a70ecdf485e0e4c7bd8665fc45","0","0x68b3465833fb72a70ecdf485e0e4c7bd8665fc45","0x45ecd328179d61c4f74ce729c2399675e5bc85d0","","0.939588680506685775","0","2394.51556484921","1213.84","0","","call",""
"0x05cff3588b4ce1e013ed981ca9d5c12864e0cb50799a3c41887bba515b345003","16291003","1672323983","2022-12-29 14:26:23","0x45ecd328179d61c4f74ce729c2399675e5bc85d0","0x68b3465833fb72a70ecdf485e0e4c7bd8665fc45","0","0x68b3465833fb72a70ecdf485e0e4c7bd8665fc45","0x45ecd328179d61c4f74ce729c2399675e5bc85d0","","0.523582115317296058","0","1334.33442804765","1200.06","0","","call",""
"0xe35be748b8d45051e3d9338981f6766b0deed94febd2c801ea431a2c5f79d00e","16292513","1672342235","2022-12-29 19:30:35","0x45ecd328179d61c4f74ce729c2399675e5bc85d0","0x68b3465833fb72a70ecdf485e0e4c7bd8665fc45","0","0x68b3465833fb72a70ecdf485e0e4c7bd8665fc45","0x45ecd328179d61c4f74ce729c2399675e5bc85d0","","0.548240663670905891","0","1397.1760512646","1200.06","0","","call",""
