Txhash,Blockno,UnixTimestamp,DateTime,From,To,ContractAddress,Value_IN(ETH),Value_OUT(ETH),CurrentValue @ $1782.14/Eth,TxnFee(ETH),TxnFee(USD),Historical $Price/Eth,Status,ErrCode,Method
0xdc64a5ec52cd2968d527fa89ec5faa55c8050b6cf59b0e7d8027c6391510ced1,14486355,1648626948,3/30/22 7:55,0xa7efae728d2936e78bda97dc267687568dd593f3,0x45ecd328179d61c4f74ce729c2399675e5bc85d0,,0.073,0,130.09622,0.001008,1.79639712,3385.11,,,Transfer
0x7c1d02ebfba88e0b54d070849a87e28678d7941765f21ae5984967f3c0d100fc,14486419,1648627827,3/30/22 8:10,0x45ecd328179d61c4f74ce729c2399675e5bc85d0,0x68b3465833fb72a70ecdf485e0e4c7bd8665fc45,,0,0.062,110.49268,0.00688176,12.26426016,3385.11,,,Multicall
0x72fbce2d30ab1d0ed5daee198a7cbfdcd859c4c3db9f94de2a2b2d045b379563,14509433,1648938637,4/2/22 22:30,0x3cd751e6b0078be393132286c442345e5dc49699,0x45ecd328179d61c4f74ce729c2399675e5bc85d0,,0.01441876,0,25.69624895,0.001028189,1.832377486,3444.68,,,Transfer
0xcc30d435266abbdbcddb4ce6d9ffbd10371f9c224e8579e155e85b66ce0d4f3c,14514655,1649009099,4/3/22 18:04,0x3cd751e6b0078be393132286c442345e5dc49699,0x45ecd328179d61c4f74ce729c2399675e5bc85d0,,0.07724338,0,137.6585172,0.000974107,1.735995361,3522.49,,,Transfer
0xa15f15f380f0ffc73f408b4f6dfcbf1a6da7f77b6fd2b0a8d01570546cc98f24,14515468,1649020301,4/3/22 21:11,0x45ecd328179d61c4f74ce729c2399675e5bc85d0,0x68b3465833fb72a70ecdf485e0e4c7bd8665fc45,,0,0.045319991,80.7665686,0.011548353,20.58078226,3522.49,,,Multicall
0xf50a6d1b3e0e293ecc8c5ce85405db559f1bccceda39e5c48cdf0b7c19ce67b4,14515591,1649021852,4/3/22 21:37,0x45ecd328179d61c4f74ce729c2399675e5bc85d0,0x68b3465833fb72a70ecdf485e0e4c7bd8665fc45,,0,0.02828,50.3989192,0.005286737,9.421706305,3522.49,,,Multicall
0x63b8e706dd55236ee7123dcb65e036d6d917a2c2210f2b5c3d3b8e17818f91a7,14522536,1649116202,4/4/22 23:50,0x3cd751e6b0078be393132286c442345e5dc49699,0x45ecd328179d61c4f74ce729c2399675e5bc85d0,,0.25565603,0,455.6148373,0.001795395,3.199646097,3520.15,,,Transfer
0xff45ef699056790d4d2148e236c36bad92e394ab23b52df97ebd90b8ca0c4eda,14522618,1649117381,4/5/22 0:09,0x45ecd328179d61c4f74ce729c2399675e5bc85d0,0x68b3465833fb72a70ecdf485e0e4c7bd8665fc45,,0,0.042229955,75.25969183,0.011181732,19.92741151,3406.48,,,Multicall
0xde2ea89b26af6b90e6e7caf6a64f3ecad84658f159a01811e5906226f8c10972,14537988,1649324495,4/7/22 9:41,0x45ecd328179d61c4f74ce729c2399675e5bc85d0,0x68b3465833fb72a70ecdf485e0e4c7bd8665fc45,,0,0.064889833,115.6427671,0.008475839,15.10513208,3229.28,,,Multicall
0x8034607e1df35e2fa517fe76e198d5b60133105f067278ddcb416f0f7c3b7f42,14538449,1649330644,4/7/22 11:24,0x45ecd328179d61c4f74ce729c2399675e5bc85d0,0x68b3465833fb72a70ecdf485e0e4c7bd8665fc45,,0,0.032032971,57.0872395,0.001347749,2.401877897,3229.28,Error(0),Reverted,Multicall
0xcb6a611ecf8b918e0e846372d67117cde0ef649ed6dedeb4dfd0f920ae7cbbff,14538520,1649331759,4/7/22 11:42,0x45ecd328179d61c4f74ce729c2399675e5bc85d0,0x68b3465833fb72a70ecdf485e0e4c7bd8665fc45,,0,0.031929937,56.90361826,0.001800245,3.208288938,3229.28,Error(0),Reverted,Multicall
0xfcbe4ebbe352d7169fd92964369d14f0249b2d32bcdf77cc615131d386e552f6,14538532,1649331928,4/7/22 11:45,0x45ecd328179d61c4f74ce729c2399675e5bc85d0,0x68b3465833fb72a70ecdf485e0e4c7bd8665fc45,,0,0.031929996,56.90372253,0.012645539,22.5361206,3229.28,,,Multicall
0xeafe79a9f866252530a5ce98cc2f876e6c5346efbf452321115eb7839f8635ca,14540944,1649363668,4/7/22 20:34,0x45ecd328179d61c4f74ce729c2399675e5bc85d0,0x68b3465833fb72a70ecdf485e0e4c7bd8665fc45,,0,0.063860016,113.8074893,0.009748807,17.37373975,3229.28,,,Multicall
0xa61c534920003807c0a40c6c9c7901bfd0f33ba65c9dee9d608dd90d405c633c,14541725,1649374477,4/7/22 23:34,0x45ecd328179d61c4f74ce729c2399675e5bc85d0,0xab2ca8b821562ae6121583b6d8a606c7f8ca35c1,,0,0,0,0.005769415,10.28190472,3229.28,,,Approve
0xf71e51d75a4013850cb1dfca9f7ede536b680972bf1a376a437fbe7feb201789,14542214,1649381008,4/8/22 1:23,0x45ecd328179d61c4f74ce729c2399675e5bc85d0,0xdac17f958d2ee523a2206206994597c13d831ec7,,0,0,0,0.00229683,4.093272863,3192.92,,,Approve
0x3355b145269150743ae9571c6d1ffe3ecb875ed935a08c69a657ad71a6487271,14544788,1649416507,4/8/22 11:15,0x45ecd328179d61c4f74ce729c2399675e5bc85d0,0x68b3465833fb72a70ecdf485e0e4c7bd8665fc45,,0,0,0,0.004665556,8.314674732,3192.92,,,Multicall
0x9585e11ef840673ea70bea852f65a82b0bd7880a3df81b96bb57e40337c22177,14545768,1649429207,4/8/22 14:46,0x45ecd328179d61c4f74ce729c2399675e5bc85d0,0x68b3465833fb72a70ecdf485e0e4c7bd8665fc45,,0,0.031930001,56.90373215,0.008079099,14.39808599,3192.92,,,Multicall
0x7f93e647baf8aa2a813fe25aa6d1caf560063872810850ab112b2c22cd1d778a,14546809,1649443423,4/8/22 18:43,0xcad621da75a66c7a8f4ff86d30a2bf981bfc8fdd,0x45ecd328179d61c4f74ce729c2399675e5bc85d0,,0.05136682,0,91.54286459,0.001587414,2.828994132,3192.92,,,Transfer
0x10a94670cb3d7e85be95c40578d53bb03b1a7a2b63a3701160e35d9602f3cad0,14547461,1649452384,4/8/22 21:13,0x45ecd328179d61c4f74ce729c2399675e5bc85d0,0x68b3465833fb72a70ecdf485e0e4c7bd8665fc45,,0,0.041199954,73.42408593,0.010405866,18.54470939,3192.92,,,Multicall
0x51568d607500278cc36772c21c9166684eecedd3825705ec9634d59d30681465,14552071,1649514834,4/9/22 14:33,0x45ecd328179d61c4f74ce729c2399675e5bc85d0,0x550e6000663eaf96a65bbd930ec19b85f2392bf9,,0,0,0,0.001460802,2.603353578,3259.62,,,Approve
0x60ef33ae3106bec56c08b2bb9553f173cae3efc2d2e65546033d1ffa79201ce1,14552113,1649515444,4/9/22 14:44,0x45ecd328179d61c4f74ce729c2399675e5bc85d0,0xb0d3cbca454de5a08e5e5bb320aa76f419464158,,0,0,0,0.001816122,3.236584304,3259.62,,,Approve
0x542d7bbcb1d72d739cc465d9cc087619b3208e5698859dc49fa7bcc365fb1f78,14553271,1649530348,4/9/22 18:52,0xcad621da75a66c7a8f4ff86d30a2bf981bfc8fdd,0x45ecd328179d61c4f74ce729c2399675e5bc85d0,,0.14226532,0,253.5367174,0.000589168,1.049980111,3259.62,,,Transfer
0xd4b3e283575cfad25c910511a66f58313b17d09ebd54858f51da8974e65bb844,14553321,1649530974,4/9/22 19:02,0x45ecd328179d61c4f74ce729c2399675e5bc85d0,0x68b3465833fb72a70ecdf485e0e4c7bd8665fc45,,0,0.063865877,113.8179342,0.005604177,9.987428323,3259.62,,,Multicall
0xc68de05a939af54b301a503fc840a370e4f81695f848fec3be676ec0cbad7be0,14557235,1649584019,4/10/22 9:46,0x45ecd328179d61c4f74ce729c2399675e5bc85d0,0x68b3465833fb72a70ecdf485e0e4c7bd8665fc45,,0,0.061800265,110.136724,0.000830951,1.480871678,3202.89,Error(0),Reverted,Multicall
0xcf46d536860eb93a9ef15c58ed605406caefe9e2d413dd9476cc567daeb4398b,14557274,1649584534,4/10/22 9:55,0x45ecd328179d61c4f74ce729c2399675e5bc85d0,0x68b3465833fb72a70ecdf485e0e4c7bd8665fc45,,0,0.067045637,119.4847121,0.003729521,6.646527811,3202.89,,,Multicall
0x669f6ee76017347d22aaade945194ce359e35e79c200cb6c224463eece4f5b6c,14568015,1649729883,4/12/22 2:18,0x45ecd328179d61c4f74ce729c2399675e5bc85d0,0xb0d3cbca454de5a08e5e5bb320aa76f419464158,,0,0,0,0.00220898,3.936711685,3028.77,,,Approve
0x2886d01cd20c3a264991a0d092c0f77362e4709a3fa0f9346046f6a2fd22d7a3,14570598,1649765290,4/12/22 12:08,0xcad621da75a66c7a8f4ff86d30a2bf981bfc8fdd,0x45ecd328179d61c4f74ce729c2399675e5bc85d0,,0.30848659,0,549.7662915,0.000928812,1.655273462,3028.77,,,Transfer
0x66c221d4810dc0fd739cc9f9eb5f5c34c2f07c0fe6975c1006aa4e93dcac0212,14570614,1649765560,4/12/22 12:12,0x45ecd328179d61c4f74ce729c2399675e5bc85d0,0x68b3465833fb72a70ecdf485e0e4c7bd8665fc45,,0,0.173039822,308.3811891,0.007547313,13.4503685,3028.77,,,Multicall
0x896286772ea93e58172400b9756466cba07d9070540ae2b5d5f0a5a2ce4a6670,14586700,1649981728,4/15/22 0:15,0x45ecd328179d61c4f74ce729c2399675e5bc85d0,0x4521c9ad6a3d4230803ab752ed238be11f8b342f,,0,0,0,0.00212048,3.778991603,3041.21,,,Approve
0xe53912a06853c9be2ac2f446717659d59ed2f0bb4ecb8e4763ddb2ec2781e5b8,14586702,1649981765,4/15/22 0:16,0x45ecd328179d61c4f74ce729c2399675e5bc85d0,0x68b3465833fb72a70ecdf485e0e4c7bd8665fc45,,0,0,0,0.00552393,9.844416176,3041.21,,,Multicall
0x25faced7d23fbbc76950d8ee93254e13fb45e707a9d13984af5b798186281250,14591447,1650045803,4/15/22 18:03,0x45ecd328179d61c4f74ce729c2399675e5bc85d0,0x68b3465833fb72a70ecdf485e0e4c7bd8665fc45,,0,0.051499677,91.77963416,0.007850598,13.99086517,3041.21,,,Multicall
0x754f21c861a23442c14bae3e62a23456d99b17ea3c5e0a7f0737a639fca27ddc,14592613,1650061567,4/15/22 22:26,0x45ecd328179d61c4f74ce729c2399675e5bc85d0,0x68b3465833fb72a70ecdf485e0e4c7bd8665fc45,,0,0.038564642,68.72759197,0.015769879,28.10413145,3041.21,,,Multicall
0x21c86ff88801e0deb2840ad03d148f62c7907379c62d84d2f25d701e395578cd,14592713,1650062689,4/15/22 22:44,0x45ecd328179d61c4f74ce729c2399675e5bc85d0,0x68b3465833fb72a70ecdf485e0e4c7bd8665fc45,,0,0.041200035,73.4242312,0.007900407,14.07963169,3041.21,,,Multicall
0x498db32872f9ba94af4f5d802729e2a6d3efbf494097c6c91a72abfb36974f35,14592791,1650063846,4/15/22 23:04,0x45ecd328179d61c4f74ce729c2399675e5bc85d0,0x68b3465833fb72a70ecdf485e0e4c7bd8665fc45,,0,0.035020069,62.41066556,0.007579887,13.50842056,3041.21,,,Multicall
0x94b20e2df351444d2ba9b3259733afcf14135b9cb07b3cb4540cea394d351624,14592942,1650065919,4/15/22 23:38,0x45ecd328179d61c4f74ce729c2399675e5bc85d0,0x68b3465833fb72a70ecdf485e0e4c7bd8665fc45,,0,0.05,89.107,0.004133161,7.365872243,3041.21,,,Multicall
0x114e2550d45f6c829f06669520dc4a5449a8fcabee980fa716fef38c41087e63,14593020,1650066853,4/15/22 23:54,0x45ecd328179d61c4f74ce729c2399675e5bc85d0,0x5f53c1fdd241e00feb636fd6e057449b28920cf8,,0,0,0,0.001270499,2.264207683,3041.21,,,Approve
0xc81b2d59fc47ec5bcfa17bd9a768b6837d6673569e07274a76f9900eba68e88f,14593091,1650067817,4/16/22 0:10,0x45ecd328179d61c4f74ce729c2399675e5bc85d0,0x2373dfb66260c04c7403dbb837bf35b3909935b8,,0,0,0,0.001151321,2.051815811,3060.28,,,Approve
0x0d0cb30dfb710b88f0eb17d0e92ac4232df4945f63d01da422ef05e05ef643f5,14593760,1650076927,4/16/22 2:42,0xd89350284c7732163765b23338f2ff27449e0bf5,0x45ecd328179d61c4f74ce729c2399675e5bc85d0,,0.15,0,267.321,0.000702841,1.252561155,3060.28,,,Transfer
0xaee93d33e8b4d23224bf6c44c40f57f2289b9db758fd1519b8a1409588579b27,14593768,1650077093,4/16/22 2:44,0x45ecd328179d61c4f74ce729c2399675e5bc85d0,0x68b3465833fb72a70ecdf485e0e4c7bd8665fc45,,0,0.08,142.5712,0.005621917,10.01904262,3060.28,Error(0),Reverted,Multicall
0xbbd64935cbccbf279f77c7e710b0f82d9efce0c254ad6e9af1597087a8d2bd72,14593776,1650077239,4/16/22 2:47,0x45ecd328179d61c4f74ce729c2399675e5bc85d0,0x68b3465833fb72a70ecdf485e0e4c7bd8665fc45,,0,0.09161715,163.2745875,0.001277097,2.275965541,3060.28,Error(0),Reverted,Multicall
0x1255f16a9e280008e0f6b6ab88964f0da24416868e0980a67c197292ec18893d,14593787,1650077396,4/16/22 2:49,0x45ecd328179d61c4f74ce729c2399675e5bc85d0,0x68b3465833fb72a70ecdf485e0e4c7bd8665fc45,,0,0.08,142.5712,0.004119871,7.342187339,3060.28,,,Multicall
0xd13413cfb3fc4455555f3ec2f750eb9204029b02aac74214345bb362de24b168,14593815,1650077694,4/16/22 2:54,0x45ecd328179d61c4f74ce729c2399675e5bc85d0,0xdb83ec9eeac2b3cf8eb282f91c73c38159578697,,0,0,0,0.001110998,1.979954218,3060.28,,,Approve
0x0b54fccf37957deca98f1be9b2cf5a3107425366a2d0ae8b6d981accbc4abc5b,14593914,1650079039,4/16/22 3:17,0x45ecd328179d61c4f74ce729c2399675e5bc85d0,0x68b3465833fb72a70ecdf485e0e4c7bd8665fc45,,0,0,0,0.009408173,16.76668056,3060.28,,,Multicall
0x756f462fef13735d018d55b144144fc50a7333dae42a6c0689886270d96a9792,14593974,1650079866,4/16/22 3:31,0x45ecd328179d61c4f74ce729c2399675e5bc85d0,0x5f53c1fdd241e00feb636fd6e057449b28920cf8,,0,0,0,0.001582161,2.819632283,3060.28,,,Approve
0x52aea0ff7352b244de11e7bd31e6c05a71b6db19627cc39ef78c25202e03191d,14604625,1650223635,4/17/22 19:27,0x45ecd328179d61c4f74ce729c2399675e5bc85d0,0x68b3465833fb72a70ecdf485e0e4c7bd8665fc45,,0,0.07,124.7498,0.006665509,11.87886982,2988.4,,,Multicall
0xcd7b8ae2d9691c428bdedd051d9b6429c985a4c731cebe0c801549032e6a2692,14614791,1650361100,4/19/22 9:38,0x45ecd328179d61c4f74ce729c2399675e5bc85d0,0x68b3465833fb72a70ecdf485e0e4c7bd8665fc45,,0,0.072099738,128.4918272,0.008457704,15.0728126,3102.52,,,Multicall
0x434a18d4d0ab55d0af09d284a2a52438676bd662605eebe673a1bf3a386186f3,14614956,1650363629,4/19/22 10:20,0xcad621da75a66c7a8f4ff86d30a2bf981bfc8fdd,0x45ecd328179d61c4f74ce729c2399675e5bc85d0,,0.15228743,0,271.3975205,0.000877677,1.564142912,3102.52,,,Transfer
0x46ba49a6c008e3ecbd04cf647ee607762de689375c1260f787c2460b0964d12f,14614968,1650363765,4/19/22 10:22,0x45ecd328179d61c4f74ce729c2399675e5bc85d0,0x68b3465833fb72a70ecdf485e0e4c7bd8665fc45,,0,0.08,142.5712,0.005025949,8.956945402,3102.52,Error(0),Reverted,Multicall
0x442950568c20eb2b8c65440fffa12063f39d42b00debcaa40212d482527113d2,14616426,1650383143,4/19/22 15:45,0x45ecd328179d61c4f74ce729c2399675e5bc85d0,0x68b3465833fb72a70ecdf485e0e4c7bd8665fc45,,0,0.0641,114.235174,0.007467264,13.3077091,3102.52,,,Multicall
0x9dea24c5af1d8e146761724237d21aff8df2d5771eae4fa86e2638f929cb5210,14616756,1650387239,4/19/22 16:53,0x45ecd328179d61c4f74ce729c2399675e5bc85d0,0x68b3465833fb72a70ecdf485e0e4c7bd8665fc45,,0,0.04,71.2856,0.008175987,14.57075296,3102.52,,,Multicall
0x1f2d01570c219c5920f0ddaf7c3c93d5faaaa5e16f6914376128db9544be96bb,14616782,1650387517,4/19/22 16:58,0x45ecd328179d61c4f74ce729c2399675e5bc85d0,0x7f69b8865ed30e6f5607affb6ab4856bf15c23f7,,0,0,0,0.002027307,3.612945129,3102.52,,,Approve
0xcf967aa57c7303897792bd6cc603cc42b854b0c3021dbb908845604eebccce55,14618312,1650408087,4/19/22 22:41,0xcad621da75a66c7a8f4ff86d30a2bf981bfc8fdd,0x45ecd328179d61c4f74ce729c2399675e5bc85d0,,0.14779416,0,263.3898843,0.000985262,1.755874751,3102.52,,,Transfer
0x18a95004ffc02612519967c0d40b2b67859d98f29de12cdfe1089a9f1fb2dd99,14620539,1650439346,4/20/22 7:22,0x45ecd328179d61c4f74ce729c2399675e5bc85d0,0x68b3465833fb72a70ecdf485e0e4c7bd8665fc45,,0,0.05,89.107,0.007073465,12.6059049,3077.74,Error(0),Reverted,Multicall
0xde2ce42bbf4278b67bec5dfbe74c9ac43a81f1d963b2262f414a9ba05ebb32fe,14620574,1650439709,4/20/22 7:28,0x45ecd328179d61c4f74ce729c2399675e5bc85d0,0x68b3465833fb72a70ecdf485e0e4c7bd8665fc45,,0,0.05,89.107,0.010376537,18.49244185,3077.74,,,Multicall
0x3df4867fd9824da295a02d6d76544df4414093ba08f7d3df4a2bb6cb572d6600,14623511,1650479118,4/20/22 18:25,0x45ecd328179d61c4f74ce729c2399675e5bc85d0,0x68b3465833fb72a70ecdf485e0e4c7bd8665fc45,,0,0.05,89.107,0.014964148,26.668207,3077.74,,,Multicall
0xbe3503039eafe7cc4401b03844c55d235b34fae6c8394ae751ec2c0c940babf2,14626951,1650525715,4/21/22 7:21,0x45ecd328179d61c4f74ce729c2399675e5bc85d0,0x68b3465833fb72a70ecdf485e0e4c7bd8665fc45,,0,0.05,89.107,0.008353678,14.88742399,2984.24,,,Multicall
0xc53582be98dbd7e60fa33128bf5f519eac853dbde9949fcbdf051bb93abca899,14688296,1651358590,4/30/22 22:43,0xd89350284c7732163765b23338f2ff27449e0bf5,0x45ecd328179d61c4f74ce729c2399675e5bc85d0,,0.16514977,0,294.3200111,0.001214885,2.165094905,2727.87,,,Transfer
0x45181b5761a8089e2f9c2a09b4333c0581311ddb1412fd927c7f3ea4c81ab7b5,14691054,1651395620,5/1/22 9:00,0x45ecd328179d61c4f74ce729c2399675e5bc85d0,0x68b3465833fb72a70ecdf485e0e4c7bd8665fc45,,0,0,0,0.004918746,8.76589469,2826.04,,,Multicall
0xccd9cb89b3a0e305707b1877a70e77f99d298666c5c8f98c03a8f09b3b5bf090,14692245,1651411886,5/1/22 13:31,0x45ecd328179d61c4f74ce729c2399675e5bc85d0,0x68b3465833fb72a70ecdf485e0e4c7bd8665fc45,,0,0.075,133.6605,0.006413429,11.42962922,2826.04,,,Multicall
0x3e15923967a6f8e3627a13f96e1b370558a200e4ad55d61c690dc8e0b7a162b3,14702814,1651556024,5/3/22 5:33,0x45ecd328179d61c4f74ce729c2399675e5bc85d0,0x68b3465833fb72a70ecdf485e0e4c7bd8665fc45,,0,0.07,124.7498,0.009197814,16.39179257,2780.63,,,Multicall
0x1dbe06368a761114bc94fe295c0591c7c5cd59be313aef41b1206622cb886da7,14705846,1651597148,5/3/22 16:59,0x45ecd328179d61c4f74ce729c2399675e5bc85d0,0xb190ddcbbc4510c34cf2a834f0425a7d2b892f96,,0,0,0,0.002768486,4.933829761,2780.63,,,Approve
0x019ba0c8a3e727c968e9a7608a45fcf2afffe36123fed1e2b37a1b13630632e1,14705945,1651598399,5/3/22 17:19,0x45ecd328179d61c4f74ce729c2399675e5bc85d0,0x68b3465833fb72a70ecdf485e0e4c7bd8665fc45,,0,0,0,0.009933698,17.7032414,2780.63,,,Multicall
0x5839a53abf147b792cbc382a001644b85b440052768a3e37d010b045a36b56fc,14709763,1651651507,5/4/22 8:05,0x45ecd328179d61c4f74ce729c2399675e5bc85d0,0x68b3465833fb72a70ecdf485e0e4c7bd8665fc45,,0,0.07,124.7498,0.005010841,8.930019427,2940.31,,,Multicall
0x697192a304feb4af3f30d58f2ee739094fa293b1d8117ab6a670e6f7d0971425,14710044,1651655555,5/4/22 9:12,0x45ecd328179d61c4f74ce729c2399675e5bc85d0,0x68b3465833fb72a70ecdf485e0e4c7bd8665fc45,,0,0.04,71.2856,0.005528788,9.853074156,2940.31,,,Multicall
0x0e4834070f6c55130d172ca61998a8df3bab1b12ff1b50b3d22f119f2b2eb719,14713785,1651706346,5/4/22 23:19,0x45ecd328179d61c4f74ce729c2399675e5bc85d0,0x68b3465833fb72a70ecdf485e0e4c7bd8665fc45,,0,0.07,124.7498,0.008235422,14.67667491,2940.31,,,Multicall
0x2e05092d5fb30ac42c94f1890ddd01b6c46cb67fb647ff723bdaf71d866e5a7a,14714315,1651713816,5/5/22 1:23,0x45ecd328179d61c4f74ce729c2399675e5bc85d0,0x68b3465833fb72a70ecdf485e0e4c7bd8665fc45,,0,0.06,106.9284,0.005906944,10.52700189,2747.28,,,Multicall
0x4997fa2fd1053e63eeac9cb153d4d22b7a00d485d7180db31b2205fa1859588b,14716015,1651736659,5/5/22 7:44,0x45ecd328179d61c4f74ce729c2399675e5bc85d0,0x68b3465833fb72a70ecdf485e0e4c7bd8665fc45,,0,0.05,89.107,0.008432627,15.02812163,2747.28,,,Multicall
0x6bdfd3d98090320223c9e6e263efb2fd0fa21a3f668b704f7859be0a86d6b58f,14716776,1651747114,5/5/22 10:38,0x45ecd328179d61c4f74ce729c2399675e5bc85d0,0x68b3465833fb72a70ecdf485e0e4c7bd8665fc45,,0,0.053161989,94.74210667,0.005160888,9.197425251,2747.28,,,Multicall
0xbc5594cd174045451af83c043146eda2240580d2163c62b0d2664c7672712dbf,14720363,1651796724,5/6/22 0:25,0x45ecd328179d61c4f74ce729c2399675e5bc85d0,0xe7de43cd09b9e50ebc5fcc4f3c9ec563bae25bd9,,0,0,0,0.001498279,2.670143074,2692.08,,,Approve
0xd1745dde4368f8f3cf78c02f28bbbf86039aed308094e2ef0c8a89df1530526a,14723423,1651838556,5/6/22 12:02,0x45ecd328179d61c4f74ce729c2399675e5bc85d0,0x68b3465833fb72a70ecdf485e0e4c7bd8665fc45,,0,0.05,89.107,0.011621444,20.71103963,2692.08,,,Multicall
0xf9ba88f4abd8e3c40baa2ef1c79ff5c59dd83cdbf64a3c7e4fd0405a839745f7,14723565,1651840564,5/6/22 12:36,0x45ecd328179d61c4f74ce729c2399675e5bc85d0,0x68b3465833fb72a70ecdf485e0e4c7bd8665fc45,,0,0.06,106.9284,0.006756404,12.04085757,2692.08,,,Multicall
0x3f4f67f4d7f5fc1696a24b385ce571d444bb4b83de7b78256dd3982a621905d3,14723647,1651841651,5/6/22 12:54,0xcad621da75a66c7a8f4ff86d30a2bf981bfc8fdd,0x45ecd328179d61c4f74ce729c2399675e5bc85d0,,0.35311341,0,629.2975325,0.00083916,1.495500082,2692.08,,,Transfer
0x9fc4a4c949c3bc085481c1e25db319b8a10f16324e70291a6959e02e9365fc87,14725004,1651860139,5/6/22 18:02,0x45ecd328179d61c4f74ce729c2399675e5bc85d0,0x68b3465833fb72a70ecdf485e0e4c7bd8665fc45,,0,0.08,142.5712,0.004507713,8.033375519,2692.08,,,Multicall
0x82abed3e25e8ec2df689be9aa7f5222c666ede85d52881ffbd6b6e677a615b1e,14727761,1651898357,5/7/22 4:39,0x45ecd328179d61c4f74ce729c2399675e5bc85d0,0x68b3465833fb72a70ecdf485e0e4c7bd8665fc45,,0,0.04,71.2856,0.004508865,8.035428964,2635.19,,,Multicall
0x5ddc82ea472b076dc13febd24370004af0d2e0cadd018ff20a84f5cf2b6362a7,14727785,1651898680,5/7/22 4:44,0x45ecd328179d61c4f74ce729c2399675e5bc85d0,0x68b3465833fb72a70ecdf485e0e4c7bd8665fc45,,0,0.06,106.9284,0.004544587,8.099089921,2635.19,,,Multicall
0x6fddb07fd5f25ad89d442b5f06c1c947a70c3c939ba3229f194e22098e9f93fa,14727911,1651900646,5/7/22 5:17,0x45ecd328179d61c4f74ce729c2399675e5bc85d0,0x68b3465833fb72a70ecdf485e0e4c7bd8665fc45,,0,0.076,135.44264,0.007102658,12.65793085,2635.19,,,Multicall
0x0f16756a62fd7dae524f22e17f355ebcfdf256fce82f6ffd8edc06751f96bc17,14727971,1651901492,5/7/22 5:31,0x45ecd328179d61c4f74ce729c2399675e5bc85d0,0x8bbca43de63019b9d87e21b572b2db8ade7692d8,,0,0,0,0.00138043,2.460119945,2635.19,,,Approve
0xfdaeae46e12eb472b873d38d117b1c667401a6f7cf3906e298b44350d9b058d0,14731822,1651954085,5/7/22 20:08,0x45ecd328179d61c4f74ce729c2399675e5bc85d0,0x68b3465833fb72a70ecdf485e0e4c7bd8665fc45,,0,0.04,71.2856,0.00826985,14.73803015,2635.19,,,Multicall
0x9556da02a699be90add6751eeb8cddee77da2977c01918c3b0374224f6a3ab2d,14776744,1652573523,5/15/22 0:12,0x45ecd328179d61c4f74ce729c2399675e5bc85d0,0x68b3465833fb72a70ecdf485e0e4c7bd8665fc45,,0,0,0,0.011090181,19.76425471,2143.12,,,Multicall
0xc977ca6a559ebc6fb4ff54d70d565ee87508a2cbe85471fc75a7ef8d4d222fb5,14796327,1652842284,5/18/22 2:51,0x45ecd328179d61c4f74ce729c2399675e5bc85d0,0x68b3465833fb72a70ecdf485e0e4c7bd8665fc45,,0,0.04,71.2856,0.005501368,9.804207319,1911.68,Error(1),Reverted,Multicall
0xcb9464d35bb28f36ecd4ccf77982250e765031d52f7d5dc4de3194a0bb2c8d39,14805267,1652967472,5/19/22 13:37,0x45ecd328179d61c4f74ce729c2399675e5bc85d0,0x68b3465833fb72a70ecdf485e0e4c7bd8665fc45,,0,0.041,73.06774,0.003858922,6.87713917,2017.78,,,Multicall
0x5ca44ce248dd21583eb6006486379e04e6a82ec7ffada29de24b80bd537ff215,14806897,1652990686,5/19/22 20:04,0x45ecd328179d61c4f74ce729c2399675e5bc85d0,0x68b3465833fb72a70ecdf485e0e4c7bd8665fc45,,0,0.04,71.2856,0.003096394,5.518208483,2017.78,,,Multicall
0xa76c003d10a694b9e3a75bb8e6ce867eb93ecc36367b42b7b61a1dc55e6b0f13,14828928,1653300113,5/23/22 10:01,0x45ecd328179d61c4f74ce729c2399675e5bc85d0,0x68b3465833fb72a70ecdf485e0e4c7bd8665fc45,,0,0.04,71.2856,0.002237975,3.988385571,1970.7,,,Multicall
0x0222ecd0fca76f64d8a7bedf278318b8a5421aaaca2b900b9e9dd48bd294887f,14878906,1654003043,5/31/22 13:17,0x45ecd328179d61c4f74ce729c2399675e5bc85d0,0x68b3465833fb72a70ecdf485e0e4c7bd8665fc45,,0,0,0,0.00345165,6.151323737,1940.59,,,Multicall
0x85f7841e45e96f76a0d8703056a6140f6fc6cc5d08098df28f21ff431065334d,14878927,1654003363,5/31/22 13:22,0x45ecd328179d61c4f74ce729c2399675e5bc85d0,0x68b3465833fb72a70ecdf485e0e4c7bd8665fc45,,0,0.15,267.321,0.004549701,8.108203619,1940.59,,,Multicall
0x78177a22d9bcc2e78a142fe2fc7416c0ff5441de22c1d6e178c32a12327abefe,14907187,1654405273,6/5/22 5:01,0x45ecd328179d61c4f74ce729c2399675e5bc85d0,0x68b3465833fb72a70ecdf485e0e4c7bd8665fc45,,0,0.112,199.59968,0.004751822,8.468411747,1804.7,,,Multicall
0xd7e8cd63b48073e340ae25aef5df7f4d2a2c81f82cf4f0561d5a4038948847c8,14936217,1654831255,6/10/22 3:20,0x45ecd328179d61c4f74ce729c2399675e5bc85d0,0x68b3465833fb72a70ecdf485e0e4c7bd8665fc45,,0,0.05,89.107,0.006341655,11.30171642,1661.1,,,Multicall
0x9c727782da2b4129051228843397dfc62c16549898f7a69408cf0292035a1252,14940201,1654889913,6/10/22 19:38,0xcad621da75a66c7a8f4ff86d30a2bf981bfc8fdd,0x45ecd328179d61c4f74ce729c2399675e5bc85d0,,0.3222816,0,574.3509306,0.001401067,2.496897772,1661.1,,,Transfer
0xf8e3b61759b28469cba63e3abac706142ec814d9ec62e8b28320dda6e126e0a3,14940377,1654892721,6/10/22 20:25,0x45ecd328179d61c4f74ce729c2399675e5bc85d0,0x68b3465833fb72a70ecdf485e0e4c7bd8665fc45,,0,0.15,267.321,0.008449977,15.05904189,1661.1,,,Multicall
0xadec3018b37ff92cab37ae1a2a5bab15d4a4be20ab9e0090809bec0eff753e3d,14944070,1654947749,6/11/22 11:42,0x45ecd328179d61c4f74ce729c2399675e5bc85d0,0x68b3465833fb72a70ecdf485e0e4c7bd8665fc45,,0,0.1591,283.538474,0.005831074,10.39179072,1530.28,,,Multicall
0x76e068bee0f07fc7d64a7c7afa4afaf0b2314d6b25f93cfc449a9ed1adf23af8,14951947,1655062912,6/12/22 19:41,0x45ecd328179d61c4f74ce729c2399675e5bc85d0,0xb4743bfabfce34537a4baf0f3eb2f269246d180a,,0,0,0,0.001669771,2.975765451,1434.02,,,Approve
0x07cf74440cebaa9b3bd82f00ccc5e5eb1c401c3eb7adf8880903f5e7c23eec3c,14951951,1655062956,6/12/22 19:42,0x45ecd328179d61c4f74ce729c2399675e5bc85d0,0x68b3465833fb72a70ecdf485e0e4c7bd8665fc45,,0,0,0,0.005566185,9.919721445,1434.02,,,Multicall
0x1b813b076c4cfd33369ebe30392616785fceea496cadb90758db30a4cd099ca3,14953389,1655084771,6/13/22 1:46,0x45ecd328179d61c4f74ce729c2399675e5bc85d0,0x68b3465833fb72a70ecdf485e0e4c7bd8665fc45,,0,0.3,534.642,0.010491158,18.69671318,1209.12,,,Multicall
0xeffdc3a4e478882e168c0cc478aaccb0409ed6ef12d05523456331d7c449c9cf,14954169,1655096167,6/13/22 4:56,0x45ecd328179d61c4f74ce729c2399675e5bc85d0,0x68b3465833fb72a70ecdf485e0e4c7bd8665fc45,,0,0,0,0.005516918,9.831919951,1209.12,,,Multicall
0xc3a274256269c509032994b24ddc4fc60be33cfcaad7cc5ac0e49889ff313f7d,14954195,1655096452,6/13/22 5:00,0x45ecd328179d61c4f74ce729c2399675e5bc85d0,0x68b3465833fb72a70ecdf485e0e4c7bd8665fc45,,0,0.074,131.87836,0.006577225,11.72153603,1209.12,,,Multicall
0xa6f462537b83364b0355916586d912e8a63424e7cb1a6891ba5c5e3db8c2aa25,14954211,1655096683,6/13/22 5:04,0x45ecd328179d61c4f74ce729c2399675e5bc85d0,0x68b3465833fb72a70ecdf485e0e4c7bd8665fc45,,0,0.283,504.34562,0.006998308,12.47196495,1209.12,,,Multicall
0x8422bfa69bd9c3cfd7e301f1a3a7a3f35421e61422a8cc4049a53e99e84da203,14961727,1655209592,6/14/22 12:26,0x45ecd328179d61c4f74ce729c2399675e5bc85d0,0x234736f78a6f18d20d3d2ed0544c55d38f26b1cd,,0,0,0,0.001877677,3.346283798,1206.94,,,Approve
0xc4706872aa2196507f206ec4989c34e784f854bcd4924a672b38f0276aa6a135,14961729,1655209645,6/14/22 12:27,0x45ecd328179d61c4f74ce729c2399675e5bc85d0,0x68b3465833fb72a70ecdf485e0e4c7bd8665fc45,,0,0,0,0.007379064,13.15052558,1206.94,,,Multicall
0x6a1e0c0d60a7d1295783d743b865ee32cbc170f7b98171673961f528375aa5ef,14978313,1655456467,6/17/22 9:01,0x45ecd328179d61c4f74ce729c2399675e5bc85d0,0x68b3465833fb72a70ecdf485e0e4c7bd8665fc45,,0,0,0,0.006405361,11.41524967,1085.21,,,Multicall
0x20d3240030879b516c7ee69ee1e6c37c553b93e40a6ba737476da64368e0e08e,14979511,1655473851,6/17/22 13:50,0x45ecd328179d61c4f74ce729c2399675e5bc85d0,0x68b3465833fb72a70ecdf485e0e4c7bd8665fc45,,0,0.094,167.52116,0.004543041,8.096335952,1085.21,,,Multicall
0xf2a9dae57e1a84346247676edc1bfd92de6c67c90b5b367efd578e025793fe32,14981259,1655499384,6/17/22 20:56,0x45ecd328179d61c4f74ce729c2399675e5bc85d0,0x68b3465833fb72a70ecdf485e0e4c7bd8665fc45,,0,0.09,160.3926,0.004465639,7.958394178,1085.21,,,Multicall
0x0e82926165c5d47417ffde0c8c6c9b8d86c44a664034cf5a59820a672d739861,14981641,1655505428,6/17/22 22:37,0x45ecd328179d61c4f74ce729c2399675e5bc85d0,0x68b3465833fb72a70ecdf485e0e4c7bd8665fc45,,0,0,0,0.009257756,16.49861783,1085.21,,,Multicall
0xcce68e3922b5cfc3b404efc9343b9e2a8b529bd22040a5644678ed15ee33a4df,14981810,1655507929,6/17/22 23:18,0x45ecd328179d61c4f74ce729c2399675e5bc85d0,0x68b3465833fb72a70ecdf485e0e4c7bd8665fc45,,0,0.08,142.5712,0.003783882,6.743407906,1085.21,,,Multicall
0x4c223e1f4255df160540c7de4a5e0709eb1cc5179dfecf2508c9a4dd745b1b37,14986311,1655575095,6/18/22 17:58,0x45ecd328179d61c4f74ce729c2399675e5bc85d0,0x68b3465833fb72a70ecdf485e0e4c7bd8665fc45,,0,0,0,0.019082259,34.00725736,994.41,,,Multicall
0x096b9b48969a47040be7bba45f6ba6118f20e8c982279070abaa42a99f189348,14993171,1655677856,6/19/22 22:30,0x45ecd328179d61c4f74ce729c2399675e5bc85d0,0x68b3465833fb72a70ecdf485e0e4c7bd8665fc45,,0,0.13,231.6782,0.011094046,19.7711432,1127.03,,,Multicall
0xf9a8f56a9332116f8549c1f7676f10a917a0462a60fc542d8583d44988530f55,14996618,1655728910,6/20/22 12:41,0x45ecd328179d61c4f74ce729c2399675e5bc85d0,0x68b3465833fb72a70ecdf485e0e4c7bd8665fc45,,0,0,0,0.003459301,6.164958151,1126.99,,,Multicall
0x033c88487daf215c9da683de17645f323bbe90f2c602aa704015a87ab5f43a07,14998248,1655753049,6/20/22 19:24,0x45ecd328179d61c4f74ce729c2399675e5bc85d0,0x68b3465833fb72a70ecdf485e0e4c7bd8665fc45,,0,0.092,163.95688,0.004775198,8.510070778,1126.99,Error(0),Reverted,Multicall
0xe1ad755bd263e45ec9ef88e031a66da23c1ff756488e45ed96c23da4873b10a9,14998298,1655753740,6/20/22 19:35,0x45ecd328179d61c4f74ce729c2399675e5bc85d0,0x68b3465833fb72a70ecdf485e0e4c7bd8665fc45,,0,0.1,178.214,0.003227582,5.752002424,1126.99,,,Multicall
0xa27454c7681fa1a4d2b7e4f0571665b4212db9e3ad8327625a4a87f0173a1f34,14998336,1655754270,6/20/22 19:44,0x45ecd328179d61c4f74ce729c2399675e5bc85d0,0x68b3465833fb72a70ecdf485e0e4c7bd8665fc45,,0,0.1,178.214,0.003352564,5.974738082,1126.99,,,Multicall
0xf9021542e97e3301fda616dbbef097ded560d5cf82ceed8b158c3473dbfa2cef,14998552,1655757313,6/20/22 20:35,0x45ecd328179d61c4f74ce729c2399675e5bc85d0,0x68b3465833fb72a70ecdf485e0e4c7bd8665fc45,,0,0.06,106.9284,0.003536315,6.302207855,1126.99,,,Multicall
0x348aba86ad2fc613931ca999808beac9ad8b5d4e5b61b08f93343d68d459aa54,14998742,1655760071,6/20/22 21:21,0x45ecd328179d61c4f74ce729c2399675e5bc85d0,0x68b3465833fb72a70ecdf485e0e4c7bd8665fc45,,0,0.04,71.2856,0.003177512,5.662771613,1126.99,,,Multicall
0x5eab0bb42330b9cc6e4bafe9c67a03d7576c8fc5ed139f40960d85e4e5724720,14998968,1655763544,6/20/22 22:19,0x45ecd328179d61c4f74ce729c2399675e5bc85d0,0x6045714818b03b94352e01fea47e47abbe8c9a0b,,0,0,0,0.001332894,2.375404032,1126.99,,,Approve
0xb713497f0dbf64c72497b1565b43ee0f290159557c479aae9c1893c5bbdf3d18,14999033,1655764660,6/20/22 22:37,0x45ecd328179d61c4f74ce729c2399675e5bc85d0,0x68b3465833fb72a70ecdf485e0e4c7bd8665fc45,,0,0,0,0.006963455,12.40985215,1126.99,,,Multicall
0x53cf74743d98269164bd78cd09f45d9b4cc9620a0b7197c6c5a45199d44d0041,15000049,1655779234,6/21/22 2:40,0x45ecd328179d61c4f74ce729c2399675e5bc85d0,0x68b3465833fb72a70ecdf485e0e4c7bd8665fc45,,0,0.12,213.8568,0.00311425,5.550029767,1124.71,,,Multicall
0x2ca7b42ae02f41fdd8761f0697a773925207ee6bf0f513a0e6feaa68d51729f7,15001375,1655800393,6/21/22 8:33,0x45ecd328179d61c4f74ce729c2399675e5bc85d0,0x68b3465833fb72a70ecdf485e0e4c7bd8665fc45,,0,0.09,160.3926,0.005339058,9.514949073,1124.71,,,Multicall
0xb6ed4870639f1ccb5eb6505ccc73ef154591dc6eb583e8090229939c16bf1f0f,15009587,1655932579,6/22/22 21:16,0x45ecd328179d61c4f74ce729c2399675e5bc85d0,0x68b3465833fb72a70ecdf485e0e4c7bd8665fc45,,0,0,0,0.0072407,12.90394162,1048.3,,,Multicall
0x3ec95f9cc3b8d7873e96bd45275bef6f704e8b36b750effe5a511583bdbce516,15014888,1656018938,6/23/22 21:15,0x45ecd328179d61c4f74ce729c2399675e5bc85d0,0x7c8d0315dfee1b7f6a8c36fd95f7e9249105b985,,0,0,0,0.001786939,3.184575218,1143.46,,,Approve
0x9da4b065a94eea0383a1a4a61df0c259f730552bbdccfcc44921939976d8aaee,15014892,1656019022,6/23/22 21:17,0x45ecd328179d61c4f74ce729c2399675e5bc85d0,0x68b3465833fb72a70ecdf485e0e4c7bd8665fc45,,0,0,0,0.007496964,13.36063877,1143.46,,,Multicall
0x82107440b535d889eae366688eb9295ba1e2bfec861702a0a1177a06ce8f4e04,15018949,1656084085,6/24/22 15:21,0x45ecd328179d61c4f74ce729c2399675e5bc85d0,0x68b3465833fb72a70ecdf485e0e4c7bd8665fc45,,0,0.16,285.1424,0.010669878,19.01521665,1224.12,,,Multicall
0xa2d86ff2e8ef8572e8cc98cdf7db0321208881022edbca02f876498127c09077,15020825,1656114137,6/24/22 23:42,0x45ecd328179d61c4f74ce729c2399675e5bc85d0,0x68b3465833fb72a70ecdf485e0e4c7bd8665fc45,,0,0.16,285.1424,0.009360861,16.6823652,1224.12,,,Multicall
0x63e6efd07e48cc1da5fd91b56fbf66be7bf9bc14435a4adc9fec6ecad3a243ff,15020853,1656114614,6/24/22 23:50,0x45ecd328179d61c4f74ce729c2399675e5bc85d0,0x68b3465833fb72a70ecdf485e0e4c7bd8665fc45,,0,0.1,178.214,0.007839794,13.97160996,1224.12,,,Multicall
0xe3864e372a28c1d1b2d0cede7c2a5ce7655692f4d47113fcb26b44431b034ca0,15021117,1656118994,6/25/22 1:03,0x45ecd328179d61c4f74ce729c2399675e5bc85d0,0x68b3465833fb72a70ecdf485e0e4c7bd8665fc45,,0,0,0,0.005102992,9.094246681,1241,,,Multicall
0x50ffeac6a3aae43d53b91aaee07a68914db5aca6244907aa3c531449c0011a5e,15021151,1656119431,6/25/22 1:10,0x45ecd328179d61c4f74ce729c2399675e5bc85d0,0x68b3465833fb72a70ecdf485e0e4c7bd8665fc45,,0,0.08,142.5712,0.005411155,9.643436319,1241,,,Multicall
0x34fbb02569674ee66adedc342b78f9e210b2a2feb0ff27f27aee2161e0ea5572,15021309,1656121961,6/25/22 1:52,0x45ecd328179d61c4f74ce729c2399675e5bc85d0,0x1b7f2442d4b3a01a9d63952f22000c3cd291848e,,0,0,0,0.003285406,5.855053832,1241,,,Approve
0x6b78fc6b283eb2b96487c157883556e03e363fdca3d569cc51916ff100fdb6d7,15022400,1656139098,6/25/22 6:38,0x45ecd328179d61c4f74ce729c2399675e5bc85d0,0x68b3465833fb72a70ecdf485e0e4c7bd8665fc45,,0,0.09,160.3926,0.005689401,10.13930889,1241,,,Multicall
0x5a4c2b47c7e2629272ca9bed48b80133cf76d2099a7fdfb419b9daad6c46be39,15032281,1656300328,6/27/22 3:25,0x45ecd328179d61c4f74ce729c2399675e5bc85d0,0x68b3465833fb72a70ecdf485e0e4c7bd8665fc45,,0,0,0,0.008866137,15.80069675,1190.73,,,Multicall
0x044f98e1c34062ed86aa0963a3a8b9e1e43a42767e17b76d11841c8a07c27a0d,15040693,1656435934,6/28/22 17:05,0x45ecd328179d61c4f74ce729c2399675e5bc85d0,0x68b3465833fb72a70ecdf485e0e4c7bd8665fc45,,0,0.13,231.6782,0.013035863,23.23173358,1142.41,,,Multicall
0x14c3f5d11660384931d7f00b8e75e2a206fb9d5c25c11beaa65be6eb736030f8,15070715,1656866672,7/3/22 16:44,0x45ecd328179d61c4f74ce729c2399675e5bc85d0,0x68b3465833fb72a70ecdf485e0e4c7bd8665fc45,,0,0,0,0.00352297,6.278426246,1072.95,,,Multicall
0x2bdb481c7eabf7082a5f7bef56485d15b25c44d4fa474a1ca30f209a0fa61eaf,15084411,1657048875,7/5/22 19:21,0x45ecd328179d61c4f74ce729c2399675e5bc85d0,0x68b3465833fb72a70ecdf485e0e4c7bd8665fc45,,0,0.23,409.8922,0.005436851,9.68922912,1131.96,,,Multicall
0x7066a9b3752744b8a050a300be454ac7308d9f5e847f969764aacbac722f4572,15092158,1657152849,7/7/22 0:14,0x45ecd328179d61c4f74ce729c2399675e5bc85d0,0x68b3465833fb72a70ecdf485e0e4c7bd8665fc45,,0,0,0,0.007699146,13.72095647,1236.64,Error(0),execution reverted,Multicall
0x0371d7c41e32e689a05d5b60f99d2220ed2691908dc42e943b9692099ff51bfd,15092222,1657153829,7/7/22 0:30,0x45ecd328179d61c4f74ce729c2399675e5bc85d0,0x68b3465833fb72a70ecdf485e0e4c7bd8665fc45,,0,0,0,0.007700265,13.72295083,1236.64,,,Multicall
0xecaf3db575a5fee06c708d654e2053276f3ca1139ba3126c28f996de4e6c3120,15105261,1657327131,7/9/22 0:38,0x45ecd328179d61c4f74ce729c2399675e5bc85d0,0x68b3465833fb72a70ecdf485e0e4c7bd8665fc45,,0,0.12,213.8568,0.001349682,2.405321828,1216.53,,,Multicall
0x96529d29900212f30e03bce63af03450f1b332115fc683563d97b0dc2fae250c,15115691,1657466787,7/10/22 15:26,0x45ecd328179d61c4f74ce729c2399675e5bc85d0,0x68b3465833fb72a70ecdf485e0e4c7bd8665fc45,,0,0.09,160.3926,0.003291155,5.865298088,1167.31,,,Multicall
0xb9b0db4fa5478ad128c4599f4b86e6281f9072d36823f880d354791a79a55a29,15116442,1657476657,7/10/22 18:10,0x45ecd328179d61c4f74ce729c2399675e5bc85d0,0x68b3465833fb72a70ecdf485e0e4c7bd8665fc45,,0,0.08,142.5712,0.003266298,5.821000081,1167.31,,,Multicall
0x2185779ba35565cfa9398f96d3e172b5685c96249fa5ce8be5629adec576f49e,15116485,1657477280,7/10/22 18:21,0x45ecd328179d61c4f74ce729c2399675e5bc85d0,0x68b3465833fb72a70ecdf485e0e4c7bd8665fc45,,0,0.06,106.9284,0.003356879,5.982428978,1167.31,,,Multicall
0x0ddaf4132cc6b5355974336dd4e13709893460ac3a463fcbe95c57949c46ab57,15116501,1657477487,7/10/22 18:24,0x45ecd328179d61c4f74ce729c2399675e5bc85d0,0x7cd79106ea0907cacc3a821587292e5c4fe51bce,,0,0,0,0.001370652,2.44269426,1167.31,,,Approve
0x6321ec826dc713001e081d2a341cb5782fc7eb75c22498681088bcca5ab6c01e,15116558,1657478308,7/10/22 18:38,0x45ecd328179d61c4f74ce729c2399675e5bc85d0,0x68b3465833fb72a70ecdf485e0e4c7bd8665fc45,,0,0,0,0.002066865,3.683441965,1167.31,,,Multicall
0x5b0e4d52ac0291ef0294d8a2a6f8448aacc1040dcf370a74073fe5e1e49b8f70,15116592,1657478793,7/10/22 18:46,0x45ecd328179d61c4f74ce729c2399675e5bc85d0,0x68b3465833fb72a70ecdf485e0e4c7bd8665fc45,,0,0.06,106.9284,0.002390529,4.260257577,1167.31,,,Multicall
0xcde42d5066ddea2748d3bffb9701a88c481982541590c2b1304c33dce398e7b3,15116623,1657479304,7/10/22 18:55,0x45ecd328179d61c4f74ce729c2399675e5bc85d0,0x68b3465833fb72a70ecdf485e0e4c7bd8665fc45,,0,0,0,0.004768422,8.49799572,1167.31,,,Multicall
0xdb96d9797681fd175a29446553a8d10d05ed29c0d2aea7c6d53e497a847e357b,15116692,1657480272,7/10/22 19:11,0x45ecd328179d61c4f74ce729c2399675e5bc85d0,0x68b3465833fb72a70ecdf485e0e4c7bd8665fc45,,0,0.09,160.3926,0.007519147,13.40017223,1167.31,,,Multicall
0x737b2786e56f3d6340a9033ce814721e4708f429ed46abac63d9dcb4b67ea90b,15117568,1657492182,7/10/22 22:29,0x45ecd328179d61c4f74ce729c2399675e5bc85d0,0x45ecd328179d61c4f74ce729c2399675e5bc85d0,,0,0,0,0.000395086,0.704099182,1167.31,,,Transfer
0xb1288efa4afdca857b1227d1a728b0047a30873a9c4b198e571524ae891b7857,15117568,1657492182,7/10/22 22:29,0x45ecd328179d61c4f74ce729c2399675e5bc85d0,0x45ecd328179d61c4f74ce729c2399675e5bc85d0,,0,0,0,0.000398137,0.709535422,1167.31,,,Transfer
0x289b572d0fae16e2d74f84dda8bc01f2ee9cd5ca503406f8c7e0beaa42ccc93d,15117568,1657492182,7/10/22 22:29,0x45ecd328179d61c4f74ce729c2399675e5bc85d0,0x45ecd328179d61c4f74ce729c2399675e5bc85d0,,0,0,0,0.000395086,0.704099182,1167.31,,,Transfer
0x2050c70f5fce0146c2424ecdb6a052925a216b3dff09b5a5662fcf58762691b1,15117568,1657492182,7/10/22 22:29,0x45ecd328179d61c4f74ce729c2399675e5bc85d0,0x45ecd328179d61c4f74ce729c2399675e5bc85d0,,0,0,0,0.000473601,0.844022799,1167.31,,,Transfer
0x5d043b7601eb1f25468ccdbdd13f4f79d17b8b3b7734e407d8824140bc35973c,15117568,1657492182,7/10/22 22:29,0x45ecd328179d61c4f74ce729c2399675e5bc85d0,0x45ecd328179d61c4f74ce729c2399675e5bc85d0,,0,0,0,0.000395086,0.704099182,1167.31,,,Transfer
0x73a48a8c851fc47e85a863fdaf0c04b70fee5461d80cea60fa4930d9674e1de7,15117568,1657492182,7/10/22 22:29,0x45ecd328179d61c4f74ce729c2399675e5bc85d0,0x7cd79106ea0907cacc3a821587292e5c4fe51bce,,0,0,0,0.000841187,1.499113678,1167.31,,,Approve
0xc4efd223b39e997da5c491c3386f9839a7ff28ee3fd95b209bb0dd16c52a31d6,15117568,1657492182,7/10/22 22:29,0x45ecd328179d61c4f74ce729c2399675e5bc85d0,0x45ecd328179d61c4f74ce729c2399675e5bc85d0,,0,0,0,0.000395086,0.704099182,1167.31,,,Transfer
0xf236ef76868507ad0dc8eb13a891ff2537b2e79585356181b167455f7bbb7c23,15117568,1657492182,7/10/22 22:29,0x45ecd328179d61c4f74ce729c2399675e5bc85d0,0x45ecd328179d61c4f74ce729c2399675e5bc85d0,,0,0,0,0.000395086,0.704099182,1167.31,,,Transfer
0xb6685ef515d5c300277314bd4a1b6afebd72d58e8e8886507bc579e4ec384da8,15117568,1657492182,7/10/22 22:29,0x45ecd328179d61c4f74ce729c2399675e5bc85d0,0x45ecd328179d61c4f74ce729c2399675e5bc85d0,,0,0,0,0.000395086,0.704099182,1167.31,,,Transfer
0xc389fed66c694c52789348fa81a20da5de8e4c442c7405047e9302a90426e6b1,15117568,1657492182,7/10/22 22:29,0x45ecd328179d61c4f74ce729c2399675e5bc85d0,0x7cd79106ea0907cacc3a821587292e5c4fe51bce,,0,0,0,0.000841187,1.499113678,1167.31,,,Approve
0x50d3248c163d8fc95af8cd74a3bb813989448347934e5caec41f1672cbc37221,15117585,1657492323,7/10/22 22:32,0x45ecd328179d61c4f74ce729c2399675e5bc85d0,0x68b3465833fb72a70ecdf485e0e4c7bd8665fc45,,0,0,0,0.001459981,2.601891021,1167.31,,,Multicall
0xab40aeed5188bcdf8f0d045d5ffb626f601320db4e74e1d20cdf7450067de94e,15121168,1657539792,7/11/22 11:43,0x45ecd328179d61c4f74ce729c2399675e5bc85d0,0x53fd2342b43ecd24aef1535bc3797f509616ce8c,,0,0,0,0.00177484,3.163012569,1095.67,,,Approve
0xa973f60320cba98e40c3bbf056187bee04da8bc8a7ef9fc5279d3578e09b36f1,15121288,1657541512,7/11/22 12:11,0x45ecd328179d61c4f74ce729c2399675e5bc85d0,0xdef1c0ded9bec7f1a1670819833240f027b25eff,,0,0,0,0.002644564,4.712983028,1095.67,,,Sell To Uniswap
0xb9ec48a712bf943a113ed4b8881a100c21bb3199bbdf133229fd2c81180a382e,15125160,1657592899,7/12/22 2:28,0x45ecd328179d61c4f74ce729c2399675e5bc85d0,0x68b3465833fb72a70ecdf485e0e4c7bd8665fc45,,0,0.1,178.214,0.003117508,5.555835524,1037.37,,,Multicall
0x02b37b1962ed0f3fa19742d3f302746ddef705f1676ddbbf754e2dac5d52144e,15125227,1657593760,7/12/22 2:42,0x45ecd328179d61c4f74ce729c2399675e5bc85d0,0x68b3465833fb72a70ecdf485e0e4c7bd8665fc45,,0,0.06,106.9284,0.003473399,6.190083748,1037.37,,,Multicall
0xaeef8510761e41210dd877c8f9371486a317bdc4c3c77b9a46ab9f843e338e94,15125254,1657594173,7/12/22 2:49,0x45ecd328179d61c4f74ce729c2399675e5bc85d0,0x6b5cc8e07ea6cfe4bc771845b9bbce129786a8e2,,0,0,0,0.001042239,1.857416454,1037.37,,,Approve
0xaadbf7cfc9073e680cc659621aeafc78d3a6783deaadb978976dd36435f10f38,15125286,1657594553,7/12/22 2:55,0x45ecd328179d61c4f74ce729c2399675e5bc85d0,0x68b3465833fb72a70ecdf485e0e4c7bd8665fc45,,0,0.1,178.214,0.002553837,4.551294545,1037.37,,,Multicall
0xd093ad353cee642b943df9c0c8506580a0ab6ae5cd686793c026e858a71a2c50,15125335,1657595224,7/12/22 3:07,0x45ecd328179d61c4f74ce729c2399675e5bc85d0,0x68b3465833fb72a70ecdf485e0e4c7bd8665fc45,,0,0.1,178.214,0.003135719,5.588291089,1037.37,,,Multicall
0x84a6eade6c2f8332fbb8d75fe8cca7e811957aa2c62a7869a7e80e4f8b1826cb,15127134,1657619707,7/12/22 9:55,0x45ecd328179d61c4f74ce729c2399675e5bc85d0,0x68b3465833fb72a70ecdf485e0e4c7bd8665fc45,,0,0.1,178.214,0.001471426,2.622286788,1037.37,,,Multicall
0xb1c429d3283c4d9aba5fcca7a885f9bb55c57a8fbc78a521550838f9a9073345,15127261,1657621433,7/12/22 10:23,0x45ecd328179d61c4f74ce729c2399675e5bc85d0,0x68b3465833fb72a70ecdf485e0e4c7bd8665fc45,,0,0.03,53.4642,0.001568144,2.794652327,1037.37,,,Multicall
0xf0bb30ac7d6190a6dd18204c18eff2e3e9f76194313dada8c2bfaa5ee2b89c8e,15127655,1657626815,7/12/22 11:53,0x45ecd328179d61c4f74ce729c2399675e5bc85d0,0x68b3465833fb72a70ecdf485e0e4c7bd8665fc45,,0,0.09,160.3926,0.001559278,2.778851076,1037.37,,,Multicall
0xed2064312a5107e61353d748e42cccd129be53475c52db63cb339bf927d11910,15127951,1657630809,7/12/22 13:00,0x45ecd328179d61c4f74ce729c2399675e5bc85d0,0x68b3465833fb72a70ecdf485e0e4c7bd8665fc45,,0,0.05,89.107,0.002819193,5.024197007,1037.37,Error(0),execution reverted,Multicall
0x79f662ab42bd6253c234ebb24d4d79d29c6fa4eccc9b21619ee9c5919ab4be02,15127998,1657631428,7/12/22 13:10,0x45ecd328179d61c4f74ce729c2399675e5bc85d0,0x68b3465833fb72a70ecdf485e0e4c7bd8665fc45,,0,0,0,0.002480402,4.420423198,1037.37,,,Multicall
0xc903da76a20ba810826f70775c1a47dc549d33f1ae9ec128c7167c95ec7fa215,15128378,1657636385,7/12/22 14:33,0x45ecd328179d61c4f74ce729c2399675e5bc85d0,0x68b3465833fb72a70ecdf485e0e4c7bd8665fc45,,0,0.095,169.3033,0.001799941,3.207747282,1037.37,,,Multicall
0x0e460ddc9ca4eeba7489c76ee3e7dd78b789e1793711027a2dea830acd3741c9,15145328,1657861985,7/15/22 5:13,0x45ecd328179d61c4f74ce729c2399675e5bc85d0,0x68b3465833fb72a70ecdf485e0e4c7bd8665fc45,,0,0,0,0.001472941,2.624987857,1231.23,,,Multicall
0xbec42c3a30780d2b6db2dca63dd0f686c078724cd1112715a779505ce38f31d1,15155508,1657998644,7/16/22 19:10,0x45ecd328179d61c4f74ce729c2399675e5bc85d0,0x68b3465833fb72a70ecdf485e0e4c7bd8665fc45,,0,0.08,142.5712,0.002306363,4.110262101,1356.31,,,Multicall
0x57b901e5c34a0194288da108edc22af5ad3b8a11cf191788221d87bbb3a0c515,15155677,1658000896,7/16/22 19:48,0x45ecd328179d61c4f74ce729c2399675e5bc85d0,0x7a0281b547c2f17c7408106a912338f54f636d69,,0,0,0,0.001005576,1.792076505,1356.31,,,Approve
0x784d8249087bee41d6213affeb6078a8008cbd481a82cdcfcb953a099ea4dc19,15155680,1658000939,7/16/22 19:48,0x45ecd328179d61c4f74ce729c2399675e5bc85d0,0x68b3465833fb72a70ecdf485e0e4c7bd8665fc45,,0,0,0,0.00311102,5.544273494,1356.31,,,Multicall
0x2ddd6ae4a51c4edd9a62913a6e3e8a4564ccd5bba5ec85065532f450f13f40de,15155753,1658001941,7/16/22 20:05,0x45ecd328179d61c4f74ce729c2399675e5bc85d0,0x68b3465833fb72a70ecdf485e0e4c7bd8665fc45,,0,0.08,142.5712,0.002383528,4.247780734,1356.31,,,Multicall
0x09d2c49ef702fd85aa4888e4dceb22ebe0b0e723b6807a4c101368e765bbef76,15155890,1658003801,7/16/22 20:36,0x45ecd328179d61c4f74ce729c2399675e5bc85d0,0xbb5ad0009d3f7b2ed4373b455e7f0a375ab642da,,0,0,0,0.000756485,1.348162235,1356.31,,,Approve
0x9eaed5a5610cf4e6b240a99ca5805c97cab99c135899e935e6c4451061b21af8,15155897,1658003858,7/16/22 20:37,0x45ecd328179d61c4f74ce729c2399675e5bc85d0,0x68b3465833fb72a70ecdf485e0e4c7bd8665fc45,,0,0,0,0.001723846,3.072135606,1356.31,,,Multicall
0x8ee78de3218a9a9b82201fd11d7adf6a41012d8b60c666196e210bb9d2e16890,15155935,1658004480,7/16/22 20:48,0x45ecd328179d61c4f74ce729c2399675e5bc85d0,0x68b3465833fb72a70ecdf485e0e4c7bd8665fc45,,0,0.08,142.5712,0.003070014,5.471194232,1356.31,Error(0),execution reverted,Multicall
0x1caa9548933ca411932e79da2c09d2059efad30afef627f02a85e454dbca6783,15156155,1658007196,7/16/22 21:33,0x45ecd328179d61c4f74ce729c2399675e5bc85d0,0x68b3465833fb72a70ecdf485e0e4c7bd8665fc45,,0,0.08,142.5712,0.007338116,13.07755086,1356.31,,,Multicall
0x5db0cd21be78d97be0a7300d58b192996c93c8cda69299f3b8884e7711cb9f6f,15156166,1658007290,7/16/22 21:34,0x45ecd328179d61c4f74ce729c2399675e5bc85d0,0x13d22c3dbb479eb498ba25ba1c3bd660dc84e1c0,,0,0,0,0.001763061,3.142021828,1356.31,,,Approve
0x1643a2690b557c46c5053619f477d36329a92f4352ee88b70a50cc1c43749ff5,15156201,1658007717,7/16/22 21:41,0x45ecd328179d61c4f74ce729c2399675e5bc85d0,0x68b3465833fb72a70ecdf485e0e4c7bd8665fc45,,0,0,0,0.006088452,10.85047464,1356.31,,,Multicall
0x1819032dce9c61646e69aab1cdceee59f0638a0d84fd0a3e828f40facb37b87d,15156710,1658014531,7/16/22 23:35,0x45ecd328179d61c4f74ce729c2399675e5bc85d0,0x68b3465833fb72a70ecdf485e0e4c7bd8665fc45,,0,0.09,160.3926,0.001647541,2.936148639,1356.31,,,Multicall
0x4861bc19bd537405ca5c2d39dd820015b42341344181129ff64efb56689f7c79,15157687,1658027386,7/17/22 3:09,0x45ecd328179d61c4f74ce729c2399675e5bc85d0,0x68b3465833fb72a70ecdf485e0e4c7bd8665fc45,,0,0.07,124.7498,0.001688179,3.00857213,1337.97,Error(0),execution reverted,Multicall
0x1b258c4b171ac18dfa4f47b647b6c38fe8c4906fef23b1e4fe0310b1b0de6574,15157692,1658027437,7/17/22 3:10,0x45ecd328179d61c4f74ce729c2399675e5bc85d0,0x68b3465833fb72a70ecdf485e0e4c7bd8665fc45,,0,0.06,106.9284,0.001215509,2.166207012,1337.97,,,Multicall
0xa21a9ea2e8d0485255c0923c08a29d29be8b3e7f92b66c074d50819e1faa87a1,15157706,1658027584,7/17/22 3:13,0x45ecd328179d61c4f74ce729c2399675e5bc85d0,0xe586d953e7cfeefdfa10d872cb650213d6f4024d,,0,0,0,0.000412462,0.735065558,1337.97,,,Approve
0xed068d566e39e795e5e381010e53662e7a28d1e8fab37f704b7a6e9b855e9c40,15157871,1658029755,7/17/22 3:49,0x45ecd328179d61c4f74ce729c2399675e5bc85d0,0x68b3465833fb72a70ecdf485e0e4c7bd8665fc45,,0,0,0,0.000917305,1.634766703,1337.97,,,Multicall
0x17aef807d003df794b19a7cee73cf98f058c4837b685e356082bed9569974766,15163138,1658101154,7/17/22 23:39,0x45ecd328179d61c4f74ce729c2399675e5bc85d0,0x68b3465833fb72a70ecdf485e0e4c7bd8665fc45,,0,0,0,0.003158351,5.628623226,1337.97,,,Multicall
0xd3af4bc1a7c327567701e6e41c527c2b85a48d082e461dd1bce7cb1d7fe5a954,15163142,1658101231,7/17/22 23:40,0x45ecd328179d61c4f74ce729c2399675e5bc85d0,0x68b3465833fb72a70ecdf485e0e4c7bd8665fc45,,0,0.15,267.321,0.003857322,6.874288716,1337.97,,,Multicall
0xb925cadb55885660d036b1d916c04f43d21789c75c81dde9175ab33ecd50a215,15163201,1658101872,7/17/22 23:51,0x45ecd328179d61c4f74ce729c2399675e5bc85d0,0x68b3465833fb72a70ecdf485e0e4c7bd8665fc45,,0,0.08,142.5712,0.001135815,2.024180789,1337.97,,,Multicall
0x7668f844ee6b2cc03029caef4054103b3a5bb566b38052856e956c37d159f239,15163213,1658102084,7/17/22 23:54,0x45ecd328179d61c4f74ce729c2399675e5bc85d0,0x98a92c1c2ad19bb21b4efc9cebe2fa3c64b89ec2,,0,0,0,0.000934521,1.665446482,1337.97,,,Approve
0xeea8a48a39fd603d426a4849332d3a52738105358342383ad8232f88dc918e1f,15164035,1658112743,7/18/22 2:52,0x45ecd328179d61c4f74ce729c2399675e5bc85d0,0x5d493ad22894c06bc2495eaae5f6339cf34cf522,,0,0,0,0.001124673,2.004324678,1583.55,,,Approve
0xd284a6543bfdf58e5f98d96f98a8750686cc8c4549f7e4cb8e5b08ac5816ec7a,15164114,1658113784,7/18/22 3:09,0x45ecd328179d61c4f74ce729c2399675e5bc85d0,0x68b3465833fb72a70ecdf485e0e4c7bd8665fc45,,0,0,0,0.004631296,8.253618672,1583.55,,,Multicall
0x929b8ff5c96b67ee8327018771e5fe08a34ee67edd8f30002a4a02971f47b5bc,15164114,1658113784,7/18/22 3:09,0x45ecd328179d61c4f74ce729c2399675e5bc85d0,0x68b3465833fb72a70ecdf485e0e4c7bd8665fc45,,0,0,0,0.001358063,2.420257786,1583.55,Error(0),execution reverted,Multicall
0xbbd71409f0cdb636dcb1d7ca6f823f1ab3c0aa3876cab8ad9bdab87e8fa05b20,15164114,1658113784,7/18/22 3:09,0x45ecd328179d61c4f74ce729c2399675e5bc85d0,0x68b3465833fb72a70ecdf485e0e4c7bd8665fc45,,0,0,0,0.001356175,2.416894223,1583.55,Error(0),execution reverted,Multicall
0x0f3d921e065cd7089cfeffa8dd78ebabeabef82c73e376ed876c7ec790238210,15165168,1658127703,7/18/22 7:01,0x45ecd328179d61c4f74ce729c2399675e5bc85d0,0x68b3465833fb72a70ecdf485e0e4c7bd8665fc45,,0,0.14,249.4996,0.001675142,2.985336873,1583.55,,,Multicall
0xf94fd1fa2b657e5567e58e5aa4cb4ddb960ce0e30064944ad4d9652fcb1e1ebb,15165499,1658131985,7/18/22 8:13,0x45ecd328179d61c4f74ce729c2399675e5bc85d0,0x5366e5e4431221518d6bee55de29de4fbfe52cf6,,0,0,0,0.000727284,1.296121969,1583.55,,,Approve
0x7c15e208247ac42eafd6ef344238657da0985da78e64916d78af8e4a1574c015,15166475,1658145301,7/18/22 11:55,0x45ecd328179d61c4f74ce729c2399675e5bc85d0,0x68b3465833fb72a70ecdf485e0e4c7bd8665fc45,,0,0,0,0.002022139,3.603735473,1583.55,,,Multicall
0xc6adae8a4222566c4b188ec24396090ecf08530691d7f7ac8deade1e6a0e6c88,15166483,1658145376,7/18/22 11:56,0x45ecd328179d61c4f74ce729c2399675e5bc85d0,0x68b3465833fb72a70ecdf485e0e4c7bd8665fc45,,0,0,0,0.00256473,4.570708498,1583.55,,,Multicall
0xef31631b096c6e7d4365f27ccd5f5f0a9c11164d333a5286b0ef9ab56d592b69,15167059,1658152857,7/18/22 14:00,0x45ecd328179d61c4f74ce729c2399675e5bc85d0,0x68b3465833fb72a70ecdf485e0e4c7bd8665fc45,,0,0.14,249.4996,0.008095664,14.42760743,1583.55,,,Multicall
0xa75fc0f2f234ec9c4e5a392b40f86590124bc87cd72d3e205384cab410c0764d,15167837,1658163113,7/18/22 16:51,0x45ecd328179d61c4f74ce729c2399675e5bc85d0,0x3a529a8d4f2ea64d206339fa12a3af4d431f53c3,,0,0,0,0.001890794,3.369659603,1583.55,,,Approve
0xa27325289e2ee525d4d22135c174672536dcb9b74718d9c3fc5983f3d077e736,15168639,1658174188,7/18/22 19:56,0x45ecd328179d61c4f74ce729c2399675e5bc85d0,0x68b3465833fb72a70ecdf485e0e4c7bd8665fc45,,0,0,0,0.007900428,14.07966794,1583.55,,,Multicall
0x756f75e7a8c9b6d2d19a0ae93c40dc4796479b5c451f9690f02427b835e5025b,15172458,1658225497,7/19/22 10:11,0x45ecd328179d61c4f74ce729c2399675e5bc85d0,0x68b3465833fb72a70ecdf485e0e4c7bd8665fc45,,0,0.09,160.3926,0.001494008,2.662531574,1543.12,,,Multicall
0xd8bfd54f5c8d30bd1d446c5954d80465fb73428a56f7ea40d4d81260efc7857b,15172540,1658226505,7/19/22 10:28,0x45ecd328179d61c4f74ce729c2399675e5bc85d0,0x68b3465833fb72a70ecdf485e0e4c7bd8665fc45,,0,0.13,231.6782,0.001289688,2.298404499,1543.12,,,Multicall
0x707a0e5499e4e4d99e98c8df3d02920cad478f3dd7dc40232cb442607f9d328d,15175506,1658265963,7/19/22 21:26,0x45ecd328179d61c4f74ce729c2399675e5bc85d0,0x68b3465833fb72a70ecdf485e0e4c7bd8665fc45,,0,0,0,0.002949972,5.257262249,1543.12,,,Multicall
0x64b2a625644b842dca1155aecb25eadf28398f92ed23d90fb560527216401822,15183505,1658373798,7/21/22 3:23,0x45ecd328179d61c4f74ce729c2399675e5bc85d0,0x68b3465833fb72a70ecdf485e0e4c7bd8665fc45,,0,0.09,160.3926,0.003173138,5.654977005,1575.68,,,Multicall
0xb6eee8f17673e3980385d86bc48c2e056a4c054e3ba655a435ee318ccc1f7e71,15192595,1658496061,7/22/22 13:21,0x45ecd328179d61c4f74ce729c2399675e5bc85d0,0x4e1bc1e6ac980c3ecdfbc72643c6068f6bab1953,,0,0,0,0.000638357,1.137641948,1535.71,,,Approve
0x4441f7c2a6d4d40615ead864f2dd8842554f74600a8ecd72fdbbcca91352ae00,15192599,1658496115,7/22/22 13:21,0x45ecd328179d61c4f74ce729c2399675e5bc85d0,0x68b3465833fb72a70ecdf485e0e4c7bd8665fc45,,0,0,0,0.003373946,6.012844406,1535.71,,,Multicall
0x3f970f3e3ba6f84562a3b606e21612fa0e7633fc3c444c4698150b6c9fc86a15,15192613,1658496263,7/22/22 13:24,0x45ecd328179d61c4f74ce729c2399675e5bc85d0,0x68b3465833fb72a70ecdf485e0e4c7bd8665fc45,,0,0,0,0.00196551,3.502814505,1535.71,,,Multicall
0x73fd3cb5e307d9dd4c7c7fbe1bf43df41ec15620a4c399995c1fdaebf7f2120b,15192628,1658496470,7/22/22 13:27,0x45ecd328179d61c4f74ce729c2399675e5bc85d0,0x68b3465833fb72a70ecdf485e0e4c7bd8665fc45,,0,0,0,0.002702404,4.816061639,1535.71,,,Multicall
0x531c920805bdbd56e6745d7721ab25efa2943c3546e5d940ce150081c9cefb49,15200418,1658600030,7/23/22 18:13,0x45ecd328179d61c4f74ce729c2399675e5bc85d0,0x68b3465833fb72a70ecdf485e0e4c7bd8665fc45,,0,0,0,0.002732722,4.870093927,1549.19,,,Multicall
0xa245ab44b2d4575faa30417281f48b9525489a4d656705db1d33b204522457ca,15201106,1658608676,7/23/22 20:37,0x45ecd328179d61c4f74ce729c2399675e5bc85d0,0x48c276e8d03813224bb1e55f953adb6d02fd3e02,,0,0,0,0.000640311,1.14112364,1549.19,,,Approve
0x4554e87f33dea5c366b67b51dbd95f3508d74eec2f14687cce1805a4923beca2,15201111,1658608760,7/23/22 20:39,0x45ecd328179d61c4f74ce729c2399675e5bc85d0,0x68b3465833fb72a70ecdf485e0e4c7bd8665fc45,,0,0,0,0.001760412,3.137301067,1549.19,,,Multicall
0x6d79616dc9d332b1728ddd241187bf36b41b7e9cec163040308644465efc2dd9,15201118,1658608845,7/23/22 20:40,0x45ecd328179d61c4f74ce729c2399675e5bc85d0,0x1e2f15302b90edde696593607b6bd444b64e8f02,,0,0,0,0.000790428,1.408653928,1549.19,,,Approve
0xda0a19d762aa6f2f4d6f598f20cadf1b5faf9b6b27ec09f8c73ee63509e88283,15202628,1658629249,7/24/22 2:20,0x45ecd328179d61c4f74ce729c2399675e5bc85d0,0x68b3465833fb72a70ecdf485e0e4c7bd8665fc45,,0,0,0,0.002433592,4.337001821,1597.72,,,Multicall
0x683a9a7b5952e6d0b80509bb7d5aeb308f2f9f34caa6370900f1d185785b13e5,15203121,1658636359,7/24/22 4:19,0x45ecd328179d61c4f74ce729c2399675e5bc85d0,0x8b2f7a2fa2156a3bc15d058d988deaacd70b1a3e,,0,0,0,0.00055337,0.986183657,1597.72,,,Approve
0x8cc6ee250df05598f4f34008cdf5616880a35dabe16e0f72b330b95af53d2fca,15203127,1658636393,7/24/22 4:19,0x45ecd328179d61c4f74ce729c2399675e5bc85d0,0x68b3465833fb72a70ecdf485e0e4c7bd8665fc45,,0,0,0,0.0015742,2.805444205,1597.72,,,Multicall
0x2fe6537ece1f3ae41c181de0badd4b7021adf5e97e4efc72303ec1ba1c522c07,15215723,1658806138,7/26/22 3:28,0x45ecd328179d61c4f74ce729c2399675e5bc85d0,0x690a80a52b42eaa5f8dcf365286566a7e5e28e72,,0,0.6,1069.284,0.000650807,1.159828506,1449.61,,,Transfer
0x7afba5073f867ef7a2b5867daa04072b2aad4eed0687aca9fb429efb81397bf4,15218247,1658840437,7/26/22 13:00,0x45ecd328179d61c4f74ce729c2399675e5bc85d0,0x68b3465833fb72a70ecdf485e0e4c7bd8665fc45,,0,0.07,124.7498,0.00234022,4.170599256,1449.61,,,Multicall
0xa8e0205b0a16de8d256b740a7f4bf393bd05561e5529761ccf9df8b18f91a6c2,15231426,1659016987,7/28/22 14:03,0x45ecd328179d61c4f74ce729c2399675e5bc85d0,0x68b3465833fb72a70ecdf485e0e4c7bd8665fc45,,0,0,0,0.002921523,5.206563699,1725.82,,,Multicall
0xe527ecc368aded021773e6bc138c8100dee87996cccc9d23e4b6a8cd02a25ea3,15300680,1659950013,8/8/22 9:13,0x45ecd328179d61c4f74ce729c2399675e5bc85d0,0x68b3465833fb72a70ecdf485e0e4c7bd8665fc45,,0,0.07,124.7498,0.002230071,3.974298407,1777.99,,,Multicall
0x0d92ab0d05530061507b88d38080a6388aaca54b0b0fadaee5f9f746404da6a1,15303493,1659987485,8/8/22 19:38,0xcad621da75a66c7a8f4ff86d30a2bf981bfc8fdd,0x45ecd328179d61c4f74ce729c2399675e5bc85d0,,0.258196,0,460.1414194,0.00042843,0.763522089,1777.99,,,Transfer
0x793497c4ee99aa1e58e73293a3b5f8b252d94b40dad8c54c037258c050b40959,15303515,1659987743,8/8/22 19:42,0x45ecd328179d61c4f74ce729c2399675e5bc85d0,0x68b3465833fb72a70ecdf485e0e4c7bd8665fc45,,0,0.1,178.214,0.00409613,7.29987725,1777.99,,,Multicall
0x14d267cd89486d91ee1e010afaa02fdf279468fcc6c78848abe93035eded8cd5,15307789,1660045453,8/9/22 11:44,0x45ecd328179d61c4f74ce729c2399675e5bc85d0,0x0b452278223d3954f4ac050949d7998e373e7e43,,0,0,0,0.000751897,1.339986155,1703.41,,,Approve
0xe54e7d1bfa3e530e2769c26217b0961b9eebc6e556dd9b860998d4ebbb79d02d,15309384,1660067473,8/9/22 17:51,0x45ecd328179d61c4f74ce729c2399675e5bc85d0,0x68b3465833fb72a70ecdf485e0e4c7bd8665fc45,,0,0.12,213.8568,0.005100908,9.090532917,1703.41,,,Multicall
0x4019632b049778dcd705fe3084cdb59fb6d4a7fde90b6e7037ea74ce914b9679,15311823,1660099647,8/10/22 2:47,0x45ecd328179d61c4f74ce729c2399675e5bc85d0,0x1852baaf94015634d948862d03ff04489772cf65,,0,0,0,0.000381641,0.680138042,1854.05,,,Approve
0x02520ba6a4179ba1d7c10017ed815d0955be63f91eed880af95178c8b36ea6bd,15311949,1660101361,8/10/22 3:16,0x45ecd328179d61c4f74ce729c2399675e5bc85d0,0x68b3465833fb72a70ecdf485e0e4c7bd8665fc45,,0,0,0,0.003620961,6.453059762,1854.05,,,Multicall
0xff17e53ea26149de2c72bef8eb394353d9850cd6c7d75440f350ff70b729c488,15314625,1660138468,8/10/22 13:34,0x45ecd328179d61c4f74ce729c2399675e5bc85d0,0x68b3465833fb72a70ecdf485e0e4c7bd8665fc45,,0,0.11,196.0354,0.008506494,15.15976285,1854.05,,,Multicall
0xea4a7b83b1d0c9fd5929f21023926e0bbe6983107d289b04ce6c2a33faf56861,15314680,1660138980,8/10/22 13:43,0x45ecd328179d61c4f74ce729c2399675e5bc85d0,0x68b3465833fb72a70ecdf485e0e4c7bd8665fc45,,0,0.08,142.5712,0.00379529,6.763737656,1854.05,,,Multicall
0x467ab2b1bc08027e4b1172c33445d4e52dc1ced53156c7dbc1bdee31c69c1afd,15314782,1660140284,8/10/22 14:04,0x45ecd328179d61c4f74ce729c2399675e5bc85d0,0x3a510694e57ce398372ab7117b9d75afd6d5c87a,,0,0,0,0.001198128,2.135230982,1854.05,,,Approve
0x682d465beb2cd45d6b60fb3ac3dfa82cf9fd75682de7725d67330fdc24a7e054,15340633,1660491707,8/14/22 15:41,0x45ecd328179d61c4f74ce729c2399675e5bc85d0,0x68b3465833fb72a70ecdf485e0e4c7bd8665fc45,,0,0,0,0.00462923,8.249936556,1936.02,,,Multicall
0x8067b7a1d171a50ba46ba6682c21c53db74018496a8f43c4aad56c2466e6e3c5,15347389,1660585387,8/15/22 17:43,0x45ecd328179d61c4f74ce729c2399675e5bc85d0,0x68b3465833fb72a70ecdf485e0e4c7bd8665fc45,,0,0.13,231.6782,0.003229761,5.755887157,1899.64,Error(0),execution reverted,Multicall
0xb73039063a49180be560a75b0b20048248aad1d8d377f1a6b88a67c326e4c53c,15347399,1660585518,8/15/22 17:45,0x45ecd328179d61c4f74ce729c2399675e5bc85d0,0x68b3465833fb72a70ecdf485e0e4c7bd8665fc45,,0,0.13,231.6782,0.002947738,5.253282373,1899.64,,,Multicall
0xb32c4019e66c75f15e64b98e2318bf193d24e5e718baae8397c98609501cf707,15354299,1660679177,8/16/22 19:46,0x45ecd328179d61c4f74ce729c2399675e5bc85d0,0x68b3465833fb72a70ecdf485e0e4c7bd8665fc45,,0,0.108,192.47112,0.002245366,4.001555936,1877.16,,,Multicall
0x1315e6709db90e4278a8822a3e500aa3ea77a8f66b2ec4ae897a31cf43781abe,15362800,1660795091,8/18/22 3:58,0x45ecd328179d61c4f74ce729c2399675e5bc85d0,0x68b3465833fb72a70ecdf485e0e4c7bd8665fc45,,0,0.055,98.0177,0.001169843,2.084824338,1846.36,,,Multicall
0xbf54fd7cae86c4fa4d6fe06ce75353ef2cd8cf102c6e830545af580ef2df6843,15364358,1660816821,8/18/22 10:00,0x45ecd328179d61c4f74ce729c2399675e5bc85d0,0x602f65bb8b8098ad804e99db6760fd36208cd967,,0,0,0,0.000336562,0.599801074,1846.36,,,Approve
0xb82756b0aa613ab2d38bbda7ae3a135c9f02cdf6f5dc57d2e28d47eda0d6ffb9,15364361,1660816853,8/18/22 10:00,0x45ecd328179d61c4f74ce729c2399675e5bc85d0,0x68b3465833fb72a70ecdf485e0e4c7bd8665fc45,,0,0,0,0.000856687,1.526736698,1846.36,,,Multicall
0xf27984f5fd6a543235ba6af762dedfb363beeaac5058f852e6ca9e9ce98e64e5,15364370,1660817037,8/18/22 10:03,0x45ecd328179d61c4f74ce729c2399675e5bc85d0,0x68b3465833fb72a70ecdf485e0e4c7bd8665fc45,,0,0.14,249.4996,0.002149733,3.831124328,1846.36,,,Multicall
0x23fe9e1b47b8dbc4a0ad28581e63db47cec660419c5b2bd0a50e6b50f155f1ab,15365276,1660829415,8/18/22 13:30,0x45ecd328179d61c4f74ce729c2399675e5bc85d0,0x68b3465833fb72a70ecdf485e0e4c7bd8665fc45,,0,0.12,213.8568,0.001295938,2.309542121,1846.36,,,Multicall
0x229a33dc61254ca21b5e1d32676778f8db0b23f8219ea30110fa44faa2f53031,15367214,1660856122,8/18/22 20:55,0x45ecd328179d61c4f74ce729c2399675e5bc85d0,0x68b3465833fb72a70ecdf485e0e4c7bd8665fc45,,0,0.107,190.68898,0.002224689,3.964707013,1846.36,,,Multicall
0xc6b1b82e7d3b643b4890d03f37023996ad06982cd9e9b73aa619880f4463f23e,15371338,1660912749,8/19/22 12:39,0x45ecd328179d61c4f74ce729c2399675e5bc85d0,0x83249c6794bca5a77eb8c0af9f1a86e055459cea,,0,0,0,0.000636331,1.134031113,1609.05,,,Approve
0x1d7223c422139019542cfef06d2ed51d4abd73efd20ed693f4236b84270437be,15371339,1660912775,8/19/22 12:39,0x45ecd328179d61c4f74ce729c2399675e5bc85d0,0x68b3465833fb72a70ecdf485e0e4c7bd8665fc45,,0,0,0,0.003011865,5.367565538,1609.05,,,Multicall
0x06658601a16551908221a856783c300721d66748c7f0f4a812bbbcf70106c709,15373607,1660943682,8/19/22 21:14,0x45ecd328179d61c4f74ce729c2399675e5bc85d0,0x68b3465833fb72a70ecdf485e0e4c7bd8665fc45,,0,0.1,178.214,0.005547777,9.886915149,1609.05,Error(0),execution reverted,Multicall
0xb13621980b1c7097efa98591288254c6314b5a88962431913e658a846cbc83e3,15374096,1660950455,8/19/22 23:07,0x45ecd328179d61c4f74ce729c2399675e5bc85d0,0x68b3465833fb72a70ecdf485e0e4c7bd8665fc45,,0,0.1,178.214,0.002634131,4.694390939,1609.05,,,Multicall
0x1a55cf01728a4a091d3930241d3c30ac165c732a131c3db423d04dd4e2734e02,15374842,1660960416,8/20/22 1:53,0x45ecd328179d61c4f74ce729c2399675e5bc85d0,0x1c4853ec0d55e420002c5efabc7ed8e0ba7a4121,,0,0,0,0.000438404,0.781296614,1575.73,,,Approve
0x4b81692732666c5264ed1e31641764ddced07c7694a0df579922279954d16fcc,15374848,1660960478,8/20/22 1:54,0x45ecd328179d61c4f74ce729c2399675e5bc85d0,0x68b3465833fb72a70ecdf485e0e4c7bd8665fc45,,0,0,0,0.002233705,3.98077509,1575.73,,,Multicall
0x9e28b7dba51013dfc4901f0c41056546687a2863d1bdaa3c152b796b1e3cc191,15377972,1661003481,8/20/22 13:51,0x45ecd328179d61c4f74ce729c2399675e5bc85d0,0x68b3465833fb72a70ecdf485e0e4c7bd8665fc45,,0,0.11,196.0354,0.002958269,5.272050071,1575.73,,,Multicall
0x6d25db8407ae3b1962b975a92e9b7edcfa38f3ede859c7c6581f24238688fd09,15377990,1661003766,8/20/22 13:56,0x45ecd328179d61c4f74ce729c2399675e5bc85d0,0x68b3465833fb72a70ecdf485e0e4c7bd8665fc45,,0,0,0,0.001301317,2.319129752,1575.73,,,Multicall
0x04bb4d61a83c111481afe7c8b531c5959d369c2a73d8fdf7321b65cd1ea4d36c,15380872,1661042629,8/21/22 0:43,0x45ecd328179d61c4f74ce729c2399675e5bc85d0,0x68b3465833fb72a70ecdf485e0e4c7bd8665fc45,,0,0.12,213.8568,0.00102117,1.819868148,1617.86,,,Multicall
0x6eaf065a72b2f4defc92456e59675e121cdb8e5654ab402eb12badeacf88ee14,15385597,1661107467,8/21/22 18:44,0x45ecd328179d61c4f74ce729c2399675e5bc85d0,0x68b3465833fb72a70ecdf485e0e4c7bd8665fc45,,0,0,0,0.002870713,5.11601289,1617.86,,,Multicall
0x0bad16e8597777be5ee81303e6917dec23d9999cb243999440ed65cc26d6366d,15387030,1661126297,8/21/22 23:58,0x45ecd328179d61c4f74ce729c2399675e5bc85d0,0x68b3465833fb72a70ecdf485e0e4c7bd8665fc45,,0,0,0,0.001110324,1.978752894,1617.86,,,Multicall
0x1ff087797522421e445566d0d00e8d9315d13a11c09c5e5b6f58eace56ac878f,15388669,1661149231,8/22/22 6:20,0x45ecd328179d61c4f74ce729c2399675e5bc85d0,0x68b3465833fb72a70ecdf485e0e4c7bd8665fc45,,0,0.13,231.6782,0.001317106,2.347268065,1624.65,,,Multicall
0xa6631b4e8f699f60c1823515309d14e041af8cc0edd600b38eeb0f8b53283043,15393479,1661215013,8/23/22 0:36,0x45ecd328179d61c4f74ce729c2399675e5bc85d0,0x68b3465833fb72a70ecdf485e0e4c7bd8665fc45,,0,0.1,178.214,0.003011352,5.366650526,1664.76,,,Multicall
0xac1220fd07459e9bcb6cfd82c772252b039291f7b77fc58b284f09859ec39a51,15398445,1661282185,8/23/22 19:16,0x45ecd328179d61c4f74ce729c2399675e5bc85d0,0x68b3465833fb72a70ecdf485e0e4c7bd8665fc45,,0,0.1,178.214,0.003257575,5.805455196,1664.76,Error(0),execution reverted,Multicall
0x2badff23e680b375642942b41a96e5e8c21ba3f9bc66994f970c9041a836e590,15405128,1661374622,8/24/22 20:57,0x45ecd328179d61c4f74ce729c2399675e5bc85d0,0x68b3465833fb72a70ecdf485e0e4c7bd8665fc45,,0,0,0,0.001257302,2.240688524,1656.52,,,Multicall
0xf666744e9ed3b18c7741002448e266792476e90c5f5fc4da2fe60de8f5b5130e,15405589,1661380691,8/24/22 22:38,0x45ecd328179d61c4f74ce729c2399675e5bc85d0,0x68b3465833fb72a70ecdf485e0e4c7bd8665fc45,,0,0,0,0.002500543,4.456317592,1656.52,,,Multicall
0xf52b3eda07de66d154b740e991b443ef94a950b58bf099960a4ebc17be8c2ea8,15405776,1661383594,8/24/22 23:26,0x45ecd328179d61c4f74ce729c2399675e5bc85d0,0xd79f43113b22d1ea9f29cfcc7bb287489f8ee5e0,,0,0,0,0.000317335,0.56553465,1656.52,,,Approve
0x144d383efa4b5bee15546be8354bca06f41898858f1ac156d0eca0bc18b72ddc,15405783,1661383694,8/24/22 23:28,0x45ecd328179d61c4f74ce729c2399675e5bc85d0,0x68b3465833fb72a70ecdf485e0e4c7bd8665fc45,,0,0,0,0.001063251,1.894862123,1656.52,,,Multicall
0xa3e01289d7da77f52cf03da44d507cadfd5847c66c56865eed3f5771f17defae,15407536,1661408665,8/25/22 6:24,0x45ecd328179d61c4f74ce729c2399675e5bc85d0,0x68b3465833fb72a70ecdf485e0e4c7bd8665fc45,,0,0.12,213.8568,0.001676857,2.988394518,1695.85,Error(0),execution reverted,Multicall
0x016fe5db85ce7b0d44b44953602bba71ceb0b4b8290b0ab8d05f57d96fbdaffa,15407544,1661408819,8/25/22 6:26,0x45ecd328179d61c4f74ce729c2399675e5bc85d0,0x68b3465833fb72a70ecdf485e0e4c7bd8665fc45,,0,0.12,213.8568,0.001407912,2.509096642,1695.85,Error(0),execution reverted,Multicall
0x3d3d653855530724ff1a6f692b92b2c1467d8ef92d63ef6b3c9763696540bcf5,15407547,1661408925,8/25/22 6:28,0x45ecd328179d61c4f74ce729c2399675e5bc85d0,0x68b3465833fb72a70ecdf485e0e4c7bd8665fc45,,0,0.12,213.8568,0.001834687,3.26966978,1695.85,,,Multicall
0x66af172e6f2713b268223966e4db8254ce761f891a5aab123477d411ff50596d,15407590,1661409549,8/25/22 6:39,0x45ecd328179d61c4f74ce729c2399675e5bc85d0,0x68b3465833fb72a70ecdf485e0e4c7bd8665fc45,,0,0.12,213.8568,0.001453972,2.591182273,1695.85,,,Multicall
0xdefd73b651b0b2d79fd6ca7b395473d73c3997f438d3c09f673485ebb17081a1,15408168,1661417586,8/25/22 8:53,0x45ecd328179d61c4f74ce729c2399675e5bc85d0,0x68b3465833fb72a70ecdf485e0e4c7bd8665fc45,,0,0.1,178.214,0.002731224,4.867424412,1695.85,Error(0),execution reverted,Multicall
0x9d3b25c3c7a553937b3d12b9d331b23c0296ce0600e8cc48bf1c33151d4e4773,15408170,1661417695,8/25/22 8:54,0x45ecd328179d61c4f74ce729c2399675e5bc85d0,0x68b3465833fb72a70ecdf485e0e4c7bd8665fc45,,0,0.1,178.214,0.002923397,5.209902851,1695.85,,,Multicall
0xa9055418e1b02cadea8080e4e277b235bbd1c7ff16d85ec0d7c00353414f9ff8,15413067,1661485300,8/26/22 3:41,0x45ecd328179d61c4f74ce729c2399675e5bc85d0,0x9fd26a8b2d558190160bbf8c3c9954b8e707bb84,,0,0,0,0.000476903,0.849908156,1508.09,,,Approve
0x74d085ea46dc248e37e0940dc54fe8d306c1f8a30e6d04db44a6e85921d03b6f,15413071,1661485323,8/26/22 3:42,0x45ecd328179d61c4f74ce729c2399675e5bc85d0,0x68b3465833fb72a70ecdf485e0e4c7bd8665fc45,,0,0,0,0.001465239,2.611260657,1508.09,,,Multicall
0x7613ff985e4a38adba03f2589005217ee02d485d889ec0707dc0eb22453538ec,15413081,1661485414,8/26/22 3:43,0x45ecd328179d61c4f74ce729c2399675e5bc85d0,0x68b3465833fb72a70ecdf485e0e4c7bd8665fc45,,0,0.16,285.1424,0.001326789,2.364523898,1508.09,,,Multicall
0x069360bd0f69743cc29a854b523e81dc58356d22ce3d1583e4134ab8e411c6f3,15413449,1661490627,8/26/22 5:10,0x45ecd328179d61c4f74ce729c2399675e5bc85d0,0x68b3465833fb72a70ecdf485e0e4c7bd8665fc45,,0,0,0,0.001109809,1.977835362,1508.09,,,Multicall
0x78a791cba489de6ef55e62bdf5e994e7b1f99631dcb19bde2b7cfb7d204737b5,15415016,1661512163,8/26/22 11:09,0x45ecd328179d61c4f74ce729c2399675e5bc85d0,0x68b3465833fb72a70ecdf485e0e4c7bd8665fc45,,0,0.1,178.214,0.001343138,2.393659788,1508.09,,,Multicall
0xe90343e6b622da5c21d00d166eb5120a95131e2f1497fc23bd5ace5a5c1ca9aa,15416639,1661534447,8/26/22 17:20,0x45ecd328179d61c4f74ce729c2399675e5bc85d0,0x68b3465833fb72a70ecdf485e0e4c7bd8665fc45,,0,0.065,115.8391,0.002381821,4.244737709,1508.09,,,Multicall
0x08753c5fa5468c59b541c78d753b0c5cc5c7903e51a2515a993979c689c662b4,15418530,1661560758,8/27/22 0:39,0x45ecd328179d61c4f74ce729c2399675e5bc85d0,0x68b3465833fb72a70ecdf485e0e4c7bd8665fc45,,0,0.04,71.2856,0.001812192,3.22957991,1491.26,,,Multicall
0xf2bca9c59f3319bbec70b231a8ea97727c01a86822a6d755fdf8c83423245678,15426103,1661666196,8/28/22 5:56,0x45ecd328179d61c4f74ce729c2399675e5bc85d0,0x68b3465833fb72a70ecdf485e0e4c7bd8665fc45,,0,0,0,0.000898875,1.601920965,1426.4,,,Multicall
0x1ac82d28e5303b9a48311771a0ec528cbc178d3be2df8fed34f9f01f2255496f,15426110,1661666313,8/28/22 5:58,0x45ecd328179d61c4f74ce729c2399675e5bc85d0,0x68b3465833fb72a70ecdf485e0e4c7bd8665fc45,,0,0.076,135.44264,0.000991417,1.766843797,1426.4,,,Multicall
0x5b8c19e38fb7d01106cf2be99af5a982bcce4213d2b056aeed6218b094a9f5b2,15450700,1662005279,9/1/22 4:07,0x45ecd328179d61c4f74ce729c2399675e5bc85d0,0x68b3465833fb72a70ecdf485e0e4c7bd8665fc45,,0,0,0,0.002133623,3.802415654,1585.98,,,Multicall
0xf4ccf31cc07d5f74e3ef87f9ac2a4061bfd622023fa724f9075e0671117b63b2,15465226,1662205936,9/3/22 11:52,0x45ecd328179d61c4f74ce729c2399675e5bc85d0,0x68b3465833fb72a70ecdf485e0e4c7bd8665fc45,,0,0.4863,866.654682,0.001573013,2.803330019,1557.54,,,Multicall
0x2c10a5faa4723c4c9b9e59e156ef71b72a847cc1adc6008d546e728281a7f11e,15472747,1662310179,9/4/22 16:49,0x45ecd328179d61c4f74ce729c2399675e5bc85d0,0x68b3465833fb72a70ecdf485e0e4c7bd8665fc45,,0,0,0,0.001801062,3.209744356,1579.06,,,Multicall
0xd503166fecc3fc3081f280b1b944dc0cd0f803d8c6b5534b0adb512c3a8853d8,15493304,1662595384,9/8/22 0:03,0x45ecd328179d61c4f74ce729c2399675e5bc85d0,0x68b3465833fb72a70ecdf485e0e4c7bd8665fc45,,0,0.501,892.85214,0.0025081,4.469785994,1635.6,,,Multicall
0x34193fa723239039836b48650598a0bcbe3ab927b2c359ae39cb870f7ad66337,15493314,1662595533,9/8/22 0:05,0x45ecd328179d61c4f74ce729c2399675e5bc85d0,0x667694e1ad3d361b95fc72868713d771e2729bc2,,0,0,0,0.000511096,0.910845044,1635.6,,,Approve
0xa95848bd3ca3f15639e55a22505f2aa53a07d9b703889584ad7cb8bf76af440a,15493323,1662595656,9/8/22 0:07,0x45ecd328179d61c4f74ce729c2399675e5bc85d0,0x68b3465833fb72a70ecdf485e0e4c7bd8665fc45,,0,0,0,0.001855382,3.306551304,1635.6,Error(1),execution reverted,Multicall
0x613b101f55c0a1fbf7865046056014d25931e18119de27e749ae1370d35d7516,15540858,1663266347,9/15/22 18:25,0x45ecd328179d61c4f74ce729c2399675e5bc85d0,0x68b3465833fb72a70ecdf485e0e4c7bd8665fc45,,0,0,0,0.003381921,6.027056063,1472.51,,,Multicall
0xa21434831dfb2cc30097a4c8f539035ad4d9e28758933d4f3d560c6a2995cfad,15554991,1663438127,9/17/22 18:08,0x45ecd328179d61c4f74ce729c2399675e5bc85d0,0x68b3465833fb72a70ecdf485e0e4c7bd8665fc45,,0,0.41,730.6774,0.00194621,3.468418324,1469.05,,,Multicall
0xe3c78a2180e183ac0b2838f75ca6cb941fa7a406d5a76780441886c0c144dcae,15563944,1663546679,9/19/22 0:17,0x45ecd328179d61c4f74ce729c2399675e5bc85d0,0x68b3465833fb72a70ecdf485e0e4c7bd8665fc45,,0,0,0,0.003222173,5.742363152,1376.21,,,Multicall
0x6e3af08ffd1aa35d5db90e5db0f00d010d09607771b0249722a1867b8a0de004,15574084,1663669511,9/20/22 10:25,0x45ecd328179d61c4f74ce729c2399675e5bc85d0,0x68b3465833fb72a70ecdf485e0e4c7bd8665fc45,,0,0.45,801.963,0.000834489,1.487176821,1323.07,,,Multicall
0x0f3962d68352907ffe5de3c95f086ff55fd977859d7d7b3fa0d86c7f0907249f,15622980,1664260979,9/27/22 6:42,0xcad621da75a66c7a8f4ff86d30a2bf981bfc8fdd,0x45ecd328179d61c4f74ce729c2399675e5bc85d0,,0.9952383,0,1773.653984,0.00021187,0.377581885,1328.11,,,Transfer
0x99782fdcdd281ef2ec1a01fbeafe944902968b045c1413dfc8a6fdc34fc45794,15623045,1664261783,9/27/22 6:56,0x45ecd328179d61c4f74ce729c2399675e5bc85d0,0x68b3465833fb72a70ecdf485e0e4c7bd8665fc45,,0,0.9,1603.926,0.001442525,2.570782386,1328.11,,,Multicall
0xe3869b258238ad191a46620ea14f8fe8b15b597777e04e2799df7384c4a44b94,15725398,1665497699,10/11/22 14:14,0x45ecd328179d61c4f74ce729c2399675e5bc85d0,0x83249c6794bca5a77eb8c0af9f1a86e055459cea,,0,0,0,0.00106542,1.898728286,1279.79,,,Approve
0x3bcd10b142fd4e006a4b9f344c9bb2aa0358c24b7d4a3bcaab5cdbcd7110cde9,15734026,1665601823,10/12/22 19:10,0x45ecd328179d61c4f74ce729c2399675e5bc85d0,0x68b3465833fb72a70ecdf485e0e4c7bd8665fc45,,0,0,0,0.005657847,10.08307534,1294.29,,,Multicall
0x411f556520561d61753125fe6344dca548d84fe6826208f3a550c51c20a4c764,15734049,1665602111,10/12/22 19:15,0x45ecd328179d61c4f74ce729c2399675e5bc85d0,0x68b3465833fb72a70ecdf485e0e4c7bd8665fc45,,0,0.7,1247.498,0.003547163,6.321541662,1294.29,,,Multicall
0xa298095d30afa3814d7383f26d76eaeec3d3f9514ca98642e3211a69dc3b6891,15738277,1665653003,10/13/22 9:23,0x45ecd328179d61c4f74ce729c2399675e5bc85d0,0x68b3465833fb72a70ecdf485e0e4c7bd8665fc45,,0,0.17,302.9638,0.002579168,4.596438799,1287.51,,,Multicall
0x39a8b267b673ac86f0421e47fea3f8190a3463b2ac9b5a0d79a65d3fc5d29489,15763934,1665962651,10/16/22 23:24,0x45ecd328179d61c4f74ce729c2399675e5bc85d0,0x66bcd0c22bb15cd1ba7199c7a383dc89528f4427,,0,0,0,0.000616005,1.097807526,1305.87,,,Approve
0x85c12fba417a54d4b0336a55b5b1371e4dd900396725c3115000e67c8b0b4c07,15763938,1665962699,10/16/22 23:24,0x45ecd328179d61c4f74ce729c2399675e5bc85d0,0x68b3465833fb72a70ecdf485e0e4c7bd8665fc45,,0,0,0,0.0016151,2.878334149,1305.87,,,Multicall
0xff092bb1f8ffa0104b312022b5ad82df2d2cbc8d9b1de8e22639f9a5b94f10ce,15763964,1665963011,10/16/22 23:30,0x45ecd328179d61c4f74ce729c2399675e5bc85d0,0x68b3465833fb72a70ecdf485e0e4c7bd8665fc45,,0,0.17,302.9638,0.002325148,4.143739275,1305.87,,,Multicall
0x09d718b73c02d6004c04fc826e800babb87b0614cebbd40a18fc427f24863e3e,15768836,1666021943,10/17/22 15:52,0x45ecd328179d61c4f74ce729c2399675e5bc85d0,0x68b3465833fb72a70ecdf485e0e4c7bd8665fc45,,0,0,0,0.007426735,13.23548097,1331.52,,,Multicall
0x328697ae614b31ca689a02a686704db7b4f056c39a520e6ca60a805271a9fc2e,15768864,1666022279,10/17/22 15:57,0x45ecd328179d61c4f74ce729c2399675e5bc85d0,0x68b3465833fb72a70ecdf485e0e4c7bd8665fc45,,0,0.17,302.9638,0.007671523,13.67172782,1331.52,,,Multicall
0xbcb412d9d750f1fc1919803ce7d0150a1700d865ad3ee7c671940a692fa09eb6,15772420,1666065083,10/18/22 3:51,0x45ecd328179d61c4f74ce729c2399675e5bc85d0,0x3237bacf936832171a2a5f6eb20adce01131b073,,0,0,0,0.001354488,2.41388775,1310.78,,,Approve
0x9e7cab77f2e3f5f3ef399e65e1bd791a8e337ced6a6b32142b9ed35942bf9b9d,15784416,1666209851,10/19/22 20:04,0x45ecd328179d61c4f74ce729c2399675e5bc85d0,0x68b3465833fb72a70ecdf485e0e4c7bd8665fc45,,0,0,0,0.009017801,16.07098433,1284.85,,,Multicall
0x8a46134d2b131227990bbb6706ea29cc039ff9290bd2d277cd9240e082d1bb0a,15784425,1666209959,10/19/22 20:05,0x45ecd328179d61c4f74ce729c2399675e5bc85d0,0x68b3465833fb72a70ecdf485e0e4c7bd8665fc45,,0,0.2,356.428,0.006719956,11.97590242,1284.85,,,Multicall
0x34f3698662e906096bfc7af37882391134a794c66c47a0a639abe6d0354f887e,15784820,1666214723,10/19/22 21:25,0x45ecd328179d61c4f74ce729c2399675e5bc85d0,0x68b3465833fb72a70ecdf485e0e4c7bd8665fc45,,0,0,0,0.00747904,13.32869605,1284.85,,,Multicall
0xda3a56e317ac13b9aa4f9f72455f0c7ce2426d051e606b971a36ff70ae027604,15787521,1666247351,10/20/22 6:29,0x45ecd328179d61c4f74ce729c2399675e5bc85d0,0x1802e470e1511c4dd1087c957bd2462a0e1ce7ea,,0,0,0,0.00086389,1.539572776,1282.68,,,Approve
0x96e2552efc1f8ff18208aa6502f2bdc47f926bd9c9e17a5a33da8a49fb4aa451,15787524,1666247387,10/20/22 6:29,0x45ecd328179d61c4f74ce729c2399675e5bc85d0,0x68b3465833fb72a70ecdf485e0e4c7bd8665fc45,,0,0,0,0.004999023,8.908959358,1282.68,,,Multicall
0x07a0f86b59e75231845ea905e6000371fbe0d17e9b0df5304cadd359e6a4df30,15788586,1666260155,10/20/22 10:02,0x45ecd328179d61c4f74ce729c2399675e5bc85d0,0x68b3465833fb72a70ecdf485e0e4c7bd8665fc45,,0,0.16,285.1424,0.003458488,6.163508978,1282.68,,,Multicall
0xdfb05c97c343944ab42b89e040ef32ca214831ca083f57bf73510116af856106,15789764,1666274399,10/20/22 13:59,0x45ecd328179d61c4f74ce729c2399675e5bc85d0,0x68b3465833fb72a70ecdf485e0e4c7bd8665fc45,,0,0.4,712.856,0.019620124,34.96580788,1282.68,,,Multicall
0x99bf491b6d9eed357f0275d59bf6e28727b261889149e22492a6db91a52e70d7,15789778,1666274567,10/20/22 14:02,0x45ecd328179d61c4f74ce729c2399675e5bc85d0,0x68b3465833fb72a70ecdf485e0e4c7bd8665fc45,,0,0,0,0.006748606,12.02696007,1282.68,,,Multicall
0x881c201ee735d189b7d452e8dcb9e1cfa186a74a103e044e5803c9ea03ab5adf,15790505,1666283315,10/20/22 16:28,0x45ecd328179d61c4f74ce729c2399675e5bc85d0,0x68b3465833fb72a70ecdf485e0e4c7bd8665fc45,,0,0.2,356.428,0.005881111,10.48096275,1282.68,,,Multicall
0x5ef05595e986e79bdb11af8c392a779e68fe9bcc1df76e274067ec995681f14a,15791010,1666289387,10/20/22 18:09,0xcad621da75a66c7a8f4ff86d30a2bf981bfc8fdd,0x45ecd328179d61c4f74ce729c2399675e5bc85d0,,0.9362643,0,1668.55406,0.000862949,1.537895868,1282.68,,,Transfer
0x9cf9af949c91ca2eebadc44326995c7256463f84dc4ba28366c8dd1e8417c637,15791025,1666289579,10/20/22 18:12,0x45ecd328179d61c4f74ce729c2399675e5bc85d0,0x68b3465833fb72a70ecdf485e0e4c7bd8665fc45,,0,0.8,1425.712,0.005645492,10.06105717,1282.68,,,Multicall
0x2e938ac617b111d50372bd3a8ca14b20ede430892baf1bb8f54c75d491b5f5a3,15791919,1666300379,10/20/22 21:12,0x45ecd328179d61c4f74ce729c2399675e5bc85d0,0x68b3465833fb72a70ecdf485e0e4c7bd8665fc45,,0,0.09,160.3926,0.006556305,11.68425405,1282.68,,,Multicall
0x16a29663da1d9900773ef5316de5fd826f7a3789a657329f7c2e1111ded432da,15792809,1666311059,10/21/22 0:10,0x45ecd328179d61c4f74ce729c2399675e5bc85d0,0x68b3465833fb72a70ecdf485e0e4c7bd8665fc45,,0,0,0,0.005064622,9.025865362,1299.88,,,Multicall
0x2c98b12ff3cec3f4234dde98bd195f19f426075d13600cdaa8864f61c8037eca,15792817,1666311155,10/21/22 0:12,0x45ecd328179d61c4f74ce729c2399675e5bc85d0,0xb3917d0ed51391fcde911586726d9ef015b2ff07,,0,0,0,0.000951919,1.696453458,1299.88,,,Approve
0x4105f3454f4a4362ad88c299f6453f444073bec118777dcbb51cadb534631ff3,15794339,1666329467,10/21/22 5:17,0x45ecd328179d61c4f74ce729c2399675e5bc85d0,0x68b3465833fb72a70ecdf485e0e4c7bd8665fc45,,0,0.1,178.214,0.004020794,7.165617053,1299.88,,,Multicall
0xdd05ee00568cea1632836925491e5c1c3f9f90dbac3136fc05263f51c55bb343,15794395,1666330139,10/21/22 5:28,0x45ecd328179d61c4f74ce729c2399675e5bc85d0,0x68b3465833fb72a70ecdf485e0e4c7bd8665fc45,,0,0.1,178.214,0.00262866,4.684640861,1299.88,,,Multicall
0xb93f46da8ce4617cc294a5b0b3056ea27f84d70b3ff2fcaa696b0ccd7ce2702e,15794419,1666330439,10/21/22 5:33,0x45ecd328179d61c4f74ce729c2399675e5bc85d0,0x68b3465833fb72a70ecdf485e0e4c7bd8665fc45,,0,0,0,0.004473684,7.972731148,1299.88,,,Multicall
0xf33e63c4f7f8f55f8f7583533250da0afcf288409dc4f3126b25501601016526,15794426,1666330523,10/21/22 5:35,0x45ecd328179d61c4f74ce729c2399675e5bc85d0,0x68b3465833fb72a70ecdf485e0e4c7bd8665fc45,,0,0.13,231.6782,0.002335588,4.162344527,1299.88,,,Multicall
0xaac20eaed014a11c8c5ff6accffb7ffa2cba253ef34e82bab77f8440c9d00584,15794726,1666334159,10/21/22 6:35,0x45ecd328179d61c4f74ce729c2399675e5bc85d0,0x6ef6610d24593805144d73b13d4405e00a4e4ac7,,0,0,0,0.000974573,1.73682471,1299.88,,,Approve
0xa5dbdd1b6d2506035aa32c5b26bfaf7e36997931fa26e6fd588eb473aaca1667,15794731,1666334219,10/21/22 6:36,0x45ecd328179d61c4f74ce729c2399675e5bc85d0,0x68b3465833fb72a70ecdf485e0e4c7bd8665fc45,,0,0,0,0.003610287,6.434036282,1299.88,,,Multicall
0x9969370ae162442b7978fd5c8ce244ea458fe6f978cc8ef996c5543282fb9333,15794765,1666334639,10/21/22 6:43,0x45ecd328179d61c4f74ce729c2399675e5bc85d0,0x68b3465833fb72a70ecdf485e0e4c7bd8665fc45,,0,0.350541845,624.7146444,0.003888747,6.930292454,1299.88,,,Multicall
0xf4112b77c3196d886b54fc3b685794895b50438aa8f7228532d5b850da5acb0b,15795163,1666339427,10/21/22 8:03,0x45ecd328179d61c4f74ce729c2399675e5bc85d0,0x68b3465833fb72a70ecdf485e0e4c7bd8665fc45,,0,0,0,0.003940503,7.022527396,1299.88,,,Multicall
0xe64798e0fa05ce02f4e951715d13ccf1034022ba8e997757eb803e72e37fdbc6,15795169,1666339499,10/21/22 8:04,0x45ecd328179d61c4f74ce729c2399675e5bc85d0,0x68b3465833fb72a70ecdf485e0e4c7bd8665fc45,,0,0.5,891.07,0.00426626,7.603073207,1299.88,,,Multicall
0xdd10b8dffbefc2fbbeb76bc926fcbdc08944a1b9f2c3d33f95429d9dfd843214,15796178,1666351619,10/21/22 11:26,0x45ecd328179d61c4f74ce729c2399675e5bc85d0,0x68b3465833fb72a70ecdf485e0e4c7bd8665fc45,,0,0,0,0.004064989,7.244380009,1299.88,,,Multicall
0xa994e761238a1bb5f373580d0ea2bab5e9b6c28ef372983cf132732190c904ed,15798666,1666381667,10/21/22 19:47,0x45ecd328179d61c4f74ce729c2399675e5bc85d0,0x68b3465833fb72a70ecdf485e0e4c7bd8665fc45,,0,1,1782.14,0.006898719,12.29448384,1299.88,,,Multicall
0x67c64e3ddf4d4566f2f7c890b8dbb77a1c2819837c30828d6a07767cf723067d,15799431,1666390919,10/21/22 22:21,0x45ecd328179d61c4f74ce729c2399675e5bc85d0,0x68b3465833fb72a70ecdf485e0e4c7bd8665fc45,,0,0,0,0.005184079,9.238753774,1299.88,Error(0),execution reverted,Multicall
0xda9dd7adfc6042263993636aea5856d7281e9b8c37f732505536d56b0abd53b7,15799475,1666391447,10/21/22 22:30,0x45ecd328179d61c4f74ce729c2399675e5bc85d0,0x68b3465833fb72a70ecdf485e0e4c7bd8665fc45,,0,0,0,0.007273576,12.96253135,1299.88,,,Multicall
0x6341e4caf6d65767d26c3448fa37eb6a6aeee3a80462105c4c3002806e40b926,15799584,1666392755,10/21/22 22:52,0x45ecd328179d61c4f74ce729c2399675e5bc85d0,0x68b3465833fb72a70ecdf485e0e4c7bd8665fc45,,0,0.5,891.07,0.004106273,7.317952775,1299.88,,,Multicall
0x151fdc1893c8a898942d023fcd860eec18e552de20683a8c590368913e4f8d28,15799597,1666392911,10/21/22 22:55,0x45ecd328179d61c4f74ce729c2399675e5bc85d0,0x68b3465833fb72a70ecdf485e0e4c7bd8665fc45,,0,0.3,534.642,0.00350152,6.240198518,1299.88,,,Multicall
0x16aa4983800193a790fefdafac637e74e75e89ff6a25208ea86fe1a08617fadb,15799673,1666393823,10/21/22 23:10,0x45ecd328179d61c4f74ce729c2399675e5bc85d0,0x68b3465833fb72a70ecdf485e0e4c7bd8665fc45,,0,0.2,356.428,0.003722472,6.63396539,1299.88,,,Multicall
0xfdc68b759d24b4cf733e8e216bd9f35daedd69341baf0a966574b647d85b19a0,15799706,1666394219,10/21/22 23:16,0x45ecd328179d61c4f74ce729c2399675e5bc85d0,0x7b21fb29871d63c6d5f075dba539682d8187fe0b,,0,0,0,0.000910883,1.623321887,1299.88,,,Approve
0x75a3a5bffffd405cd664c45e869ac772c984870a6bac855ce6ffbbff627d0f51,15799712,1666394291,10/21/22 23:18,0x45ecd328179d61c4f74ce729c2399675e5bc85d0,0x68b3465833fb72a70ecdf485e0e4c7bd8665fc45,,0,0.1,178.214,0.003494072,6.226924899,1299.88,,,Multicall
0xff1d6177cfd64d574a7e6bef6a790a5476c18c1a8f1a0b6689494610ad6e0bb9,15799742,1666394651,10/21/22 23:24,0x45ecd328179d61c4f74ce729c2399675e5bc85d0,0x68b3465833fb72a70ecdf485e0e4c7bd8665fc45,,0,0.05,89.107,0.003078447,5.486223445,1299.88,,,Multicall
0x9e7a6bf16bb3751ff161cb4274dd962045eb0b08297de22447f27412d413b456,15799789,1666395215,10/21/22 23:33,0x45ecd328179d61c4f74ce729c2399675e5bc85d0,0x68b3465833fb72a70ecdf485e0e4c7bd8665fc45,,0,0,0,0.003171124,5.651387668,1299.88,,,Multicall
0xe1602b2f867c4cd1932e12cf12b5007b6c65961c74d4eec6b284bcd2b6e02771,15799819,1666395587,10/21/22 23:39,0x45ecd328179d61c4f74ce729c2399675e5bc85d0,0x68b3465833fb72a70ecdf485e0e4c7bd8665fc45,,0,0.2,356.428,0.003884814,6.923281843,1299.88,,,Multicall
0x5a92050ee027e90832a394d8783e3a3801918256c406349c8b84a8c4bef3e55a,15802378,1666426427,10/22/22 8:13,0x45ecd328179d61c4f74ce729c2399675e5bc85d0,0x68b3465833fb72a70ecdf485e0e4c7bd8665fc45,,0,0.235726152,420.0970051,0.002354256,4.195614513,1313.91,,,Multicall
0x983f6762dbf9756bf2afc36c9164257b2357a8eb5d4f2ea2ee53b1dbd6c8221c,15802462,1666427435,10/22/22 8:30,0x45ecd328179d61c4f74ce729c2399675e5bc85d0,0x68b3465833fb72a70ecdf485e0e4c7bd8665fc45,,0,0.05,89.107,0.002381439,4.244058313,1313.91,,,Multicall
0xe4585f42ca8d470b19662c60d1d66071bcbc8d3df2f461e210159583d9626b6f,15803588,1666440959,10/22/22 12:15,0x45ecd328179d61c4f74ce729c2399675e5bc85d0,0x68b3465833fb72a70ecdf485e0e4c7bd8665fc45,,0,0,0,0.002811844,5.011098855,1313.91,,,Multicall
0xbeea9f913e7bf635d275ed53fe69605e8312a01ff599ca0c4152fd04b098e569,15807608,1666489523,10/23/22 1:45,0x45ecd328179d61c4f74ce729c2399675e5bc85d0,0x68b3465833fb72a70ecdf485e0e4c7bd8665fc45,,0,0.145107092,258.6011534,0.001763913,3.143540463,1364.2,,,Multicall
0xa4f68d097d492b68d122a5828972086c1e58e837614afa961e5e0e4a3b42ad79,15807920,1666493279,10/23/22 2:47,0x45ecd328179d61c4f74ce729c2399675e5bc85d0,0x68b3465833fb72a70ecdf485e0e4c7bd8665fc45,,0,0.07,124.7498,0.001812184,3.229565917,1364.2,,,Multicall
0x4df1da4a37f2f88940e4772cfcc3eff98f8091fffa6d67bb8cc4ecd6c5ff7f7d,15808323,1666498127,10/23/22 4:08,0x45ecd328179d61c4f74ce729c2399675e5bc85d0,0x68b3465833fb72a70ecdf485e0e4c7bd8665fc45,,0,0.5,891.07,0.00197721,3.523665235,1364.2,,,Multicall
0x921ab58a9831e63954705c91192d3d5945dbcab10f319af66cadb0d6d4a9a3e4,15808362,1666498595,10/23/22 4:16,0x45ecd328179d61c4f74ce729c2399675e5bc85d0,0x68b3465833fb72a70ecdf485e0e4c7bd8665fc45,,0,0,0,0.002256877,4.022070076,1364.2,,,Multicall
0x93e0e46378eff5907972e03f0a0b10a796266cca6156ae10b4317112a8d0c5b2,15808374,1666498739,10/23/22 4:18,0x45ecd328179d61c4f74ce729c2399675e5bc85d0,0x68b3465833fb72a70ecdf485e0e4c7bd8665fc45,,0,0.5,891.07,0.002103675,3.749042629,1364.2,,,Multicall
0xe03807a1e72d5b07fdbf9a9b00ba7c9400320703e4df15084958b731b52af8dc,15808781,1666503635,10/23/22 5:40,0x45ecd328179d61c4f74ce729c2399675e5bc85d0,0x68b3465833fb72a70ecdf485e0e4c7bd8665fc45,,0,0.05,89.107,0.001331249,2.372471599,1364.2,,,Multicall
0xf7d59f47e8d27708e7b1e60eb1f2b77989842470211b9c5313e9d80ccfec8f45,15808797,1666503827,10/23/22 5:43,0x45ecd328179d61c4f74ce729c2399675e5bc85d0,0x2f9678085acf1897f63a102e9f7cb835609158d1,,0,0,0,0.000515467,0.918634307,1364.2,,,Approve
0x4ddad95b1f3ebd19de2f6ba271ed510d93c25cef2275b35c5d67f3746c47bcae,15808824,1666504151,10/23/22 5:49,0x45ecd328179d61c4f74ce729c2399675e5bc85d0,0x68b3465833fb72a70ecdf485e0e4c7bd8665fc45,,0,0.1,178.214,0.00150722,2.686077906,1364.2,,,Multicall
0x51ce471f453be67678f410f50227ebf02ca726ff1a0b4213dd885e93293e05e4,15808923,1666505339,10/23/22 6:08,0x45ecd328179d61c4f74ce729c2399675e5bc85d0,0x68b3465833fb72a70ecdf485e0e4c7bd8665fc45,,0,0,0,0.001563722,2.786771464,1364.2,,,Multicall
0xec8461a8f339fcb615048bb7fa835eab6d671b0c8ab5525be2566491c2f84b84,15810213,1666520867,10/23/22 10:27,0x45ecd328179d61c4f74ce729c2399675e5bc85d0,0x68b3465833fb72a70ecdf485e0e4c7bd8665fc45,,0,0.409933513,730.5589111,0.001641224,2.924891679,1364.2,,,Multicall
0xbbe36ea2f0100d7dd5fe2a7ed89aa90dec2e892188e3e9e67a20d341b94cdf96,15810440,1666523603,10/23/22 11:13,0x45ecd328179d61c4f74ce729c2399675e5bc85d0,0x68b3465833fb72a70ecdf485e0e4c7bd8665fc45,,0,0.2,356.428,0.001566395,2.791534508,1364.2,,,Multicall
0x5f5dceae707987129fc5908fb6c3b81f1ae8152a36aa50f83e99edf5b7c24e84,15810449,1666523711,10/23/22 11:15,0x45ecd328179d61c4f74ce729c2399675e5bc85d0,0x68b3465833fb72a70ecdf485e0e4c7bd8665fc45,,0,0.2,356.428,0.001827814,3.257420268,1364.2,Error(0),execution reverted,Multicall
0x82344aabb64e7cc3de90ae7080d243c8cb422c2bd2fdf2f3ad0dd7439ac41171,15810964,1666529939,10/23/22 12:58,0x45ecd328179d61c4f74ce729c2399675e5bc85d0,0x68b3465833fb72a70ecdf485e0e4c7bd8665fc45,,0,0.1,178.214,0.001492716,2.66022932,1364.2,,,Multicall
0xef1afa8a9d5563b641adf5c9af9181afd961f41b0fab8bd0e5b2c973ce6ceb3d,15812134,1666544087,10/23/22 16:54,0x45ecd328179d61c4f74ce729c2399675e5bc85d0,0x68b3465833fb72a70ecdf485e0e4c7bd8665fc45,,0,0.2,356.428,0.002633742,4.69369785,1364.2,,,Multicall
0x8e0473aed3fd5e59a1cceaaaff806ff5c28156ca9e57c4e7cdda3e83d992060d,15812596,1666549655,10/23/22 18:27,0x45ecd328179d61c4f74ce729c2399675e5bc85d0,0x68b3465833fb72a70ecdf485e0e4c7bd8665fc45,,0,0,0,0.004447117,7.92538574,1364.2,,,Multicall
0x1909841952764e382a63f529a0985680ece1a9a7bf96dcbd1fb3226bd851e694,15813469,1666560167,10/23/22 21:22,0x45ecd328179d61c4f74ce729c2399675e5bc85d0,0x68b3465833fb72a70ecdf485e0e4c7bd8665fc45,,0,0.2,356.428,0.002127157,3.790892295,1364.2,Error(0),execution reverted,Multicall
0x4844d4f3d6f9beea9224ecd56284bc13d6e41f4fbfa2bb8c136fdeb6e57694ae,15814251,1666569635,10/24/22 0:00,0x45ecd328179d61c4f74ce729c2399675e5bc85d0,0x68b3465833fb72a70ecdf485e0e4c7bd8665fc45,,0,0.3,534.642,0.00178981,3.189691533,1343.83,,,Multicall
0x28f9e7ea7c64a1513c68db777535349b7e7c97798bb077671f34d10a85ef1f99,15814270,1666569863,10/24/22 0:04,0x45ecd328179d61c4f74ce729c2399675e5bc85d0,0xa47e0524243601e1db3613c46a1099d520c9f4fa,,0,0,0,0.000508365,0.905977389,1343.83,,,Approve
0xcbf8cb9a8d0b664329f7133fd1f887a7218562700698c4c15a5b35a98f9c0d12,15814273,1666569899,10/24/22 0:04,0x45ecd328179d61c4f74ce729c2399675e5bc85d0,0xb301dee8ef24a8af518be232a5b2c9701e7e5bea,,0,0,0,0.000489246,0.871905172,1343.83,,,Approve
0x6a2354ee17f60df0c7d647e218051c2309198a4d1e104a22a98445e836408aca,15814690,1666574975,10/24/22 1:29,0x45ecd328179d61c4f74ce729c2399675e5bc85d0,0x68b3465833fb72a70ecdf485e0e4c7bd8665fc45,,0,0,0,0.003425466,6.104660287,1343.83,,,Multicall
0xc1c9ad57feb0f540fb8a6a980d9b591286227005265715c33e66c64e51f60162,15814729,1666575455,10/24/22 1:37,0x45ecd328179d61c4f74ce729c2399675e5bc85d0,0x68b3465833fb72a70ecdf485e0e4c7bd8665fc45,,0,0.1,178.214,0.00198877,3.544267308,1343.83,,,Multicall
0x64838e6123f3b0cfe53101c1494e7310d3fa8a9042a8a8b7e4ad49f64c4ebbd2,15814772,1666575971,10/24/22 1:46,0x45ecd328179d61c4f74ce729c2399675e5bc85d0,0xff56a503018ee2127423578fcca0f8e83a79b051,,0,0,0,0.000714385,1.273134239,1343.83,,,Approve
0x9e3f92c30daf85fd84aeeccb8ce6e376c83cd87dd8a46723e956b8c387d9c496,15820693,1666647767,10/24/22 21:42,0x45ecd328179d61c4f74ce729c2399675e5bc85d0,0x68b3465833fb72a70ecdf485e0e4c7bd8665fc45,,0,0.1,178.214,0.002256674,4.021709356,1343.83,,,Multicall
0x9425705fbe73bd53ad738dc79c409644780068695604f186afa77e8670562601,15821941,1666662887,10/25/22 1:54,0x45ecd328179d61c4f74ce729c2399675e5bc85d0,0x68b3465833fb72a70ecdf485e0e4c7bd8665fc45,,0,0.06,106.9284,0.001592107,2.837357769,1460.37,,,Multicall
0x8b738a2e954d18df0d82d0d02dd99a9cd7632010290ecc7897f6ef7c6d9fc663,15823984,1666687475,10/25/22 8:44,0x45ecd328179d61c4f74ce729c2399675e5bc85d0,0x68b3465833fb72a70ecdf485e0e4c7bd8665fc45,,0,0.06,106.9284,0.002980218,5.311165615,1460.37,,,Multicall
0xda2053bc2d121319edc7a12019210c50bf85a75107b0c2b9ba52fb7c4826b95a,15835757,1666829651,10/27/22 0:14,0x45ecd328179d61c4f74ce729c2399675e5bc85d0,0x68b3465833fb72a70ecdf485e0e4c7bd8665fc45,,0,0,0,0.001259332,2.244306565,1514.35,,,Multicall
0xbba24ea37a47ce0dc147165bcb6f527d2ed49600585d459a9768e116e82182ae,15838892,1666867379,10/27/22 10:42,0x45ecd328179d61c4f74ce729c2399675e5bc85d0,0x68b3465833fb72a70ecdf485e0e4c7bd8665fc45,,0,0.15,267.321,0.001570436,2.798736284,1514.35,,,Multicall
0x1453da200afa22ccbda6de83407a0e18a439c538eaa6a474536f470e532e02e0,15844931,1666940507,10/28/22 7:01,0x45ecd328179d61c4f74ce729c2399675e5bc85d0,0x68b3465833fb72a70ecdf485e0e4c7bd8665fc45,,0,0.07,124.7498,0.001192858,2.125840202,1555.12,,,Multicall
0xe01094e88443d0641de8c86fa87065ec57d0d50221f679b6da8426f5746848cf,15850160,1667003519,10/29/22 0:31,0x45ecd328179d61c4f74ce729c2399675e5bc85d0,0x68b3465833fb72a70ecdf485e0e4c7bd8665fc45,,0,0.07,124.7498,0.001201264,2.140821433,1620.42,,,Multicall
0x9c874e14f2fc16260f7f424651a2aa90ff54ca8503ed9072d241cb81f90ab72f,15853884,1667048567,10/29/22 13:02,0x45ecd328179d61c4f74ce729c2399675e5bc85d0,0x68b3465833fb72a70ecdf485e0e4c7bd8665fc45,,0,0.4,712.856,0.016863138,30.05247308,1620.42,Error(0),execution reverted,Multicall
0x8ed7fe79c3771acab042fe026065dd85d2d8b25ce18c624e2ca6c4618a517d95,15853888,1667048615,10/29/22 13:03,0x45ecd328179d61c4f74ce729c2399675e5bc85d0,0x68b3465833fb72a70ecdf485e0e4c7bd8665fc45,,0,0.4,712.856,0.014225775,25.35232331,1620.42,,,Multicall
0xa4186fd41791091a3038003fd28fec8649cf045ce9ff383363a52dca8235665c,15854987,1667061899,10/29/22 16:44,0x45ecd328179d61c4f74ce729c2399675e5bc85d0,0x68b3465833fb72a70ecdf485e0e4c7bd8665fc45,,0,0.04,71.2856,0.005020054,8.94643953,1620.42,,,Multicall
0x30850f7f476113e1a17967d94c30a0d11a03cb0ec9a5f1b4dfe167e5369aec09,15867588,1667213831,10/31/22 10:57,0x45ecd328179d61c4f74ce729c2399675e5bc85d0,0x68b3465833fb72a70ecdf485e0e4c7bd8665fc45,,0,0.04,71.2856,0.00091167,1.624723659,1572.88,,,Multicall
0x61743e9643ef89e3a2f52bcc006bdbe10266e0e0afe6a7e052a72ee757cb4683,15879949,1667363291,11/2/22 4:28,0x45ecd328179d61c4f74ce729c2399675e5bc85d0,0x68b3465833fb72a70ecdf485e0e4c7bd8665fc45,,0,0,0,0.003025052,5.391066531,1518.33,,,Multicall
0x3a59bf2931b22210a9d6ee6c66ce214b2e87bb94ddaf910ccf33435e2406d572,15925913,1667917703,11/8/22 14:28,0x45ecd328179d61c4f74ce729c2399675e5bc85d0,0x68b3465833fb72a70ecdf485e0e4c7bd8665fc45,,0,0.2,356.428,0.003057718,5.449281019,1334.22,,,Multicall
0x92f886d4c96cb4726a4c921f61dd4d99cb84a98d1c004af715c73f69105b73d4,15934948,1668026903,11/9/22 20:48,0x45ecd328179d61c4f74ce729c2399675e5bc85d0,0x68b3465833fb72a70ecdf485e0e4c7bd8665fc45,,0,0.25,445.535,0.009891109,17.62734137,1104.17,,,Multicall
0x18e157a9149812549d98945080dfd7dd8ea2a6fccf91da7899b87c6121b239bb,15935744,1668036527,11/9/22 23:28,0x45ecd328179d61c4f74ce729c2399675e5bc85d0,0x68b3465833fb72a70ecdf485e0e4c7bd8665fc45,,0,0,0,0.012816832,22.8413885,1104.17,,,Multicall
0x51e5b87958ce13d1c5690323c0c06b507a35084853a29acb01036a24e795c224,15993364,1668731843,11/18/22 0:37,0x45ecd328179d61c4f74ce729c2399675e5bc85d0,0x0cba60ca5ef4d42f92a5070a8fedd13be93e2861,,0,0,0,0.000623242,1.110703761,1210.98,,,Approve
0xc12f78e353bcdc4bf00047b46079cf7ecd8396440d915e8fef59222482766b0f,15993368,1668731891,11/18/22 0:38,0x45ecd328179d61c4f74ce729c2399675e5bc85d0,0x68b3465833fb72a70ecdf485e0e4c7bd8665fc45,,0,0,0,0.001728693,3.080772492,1210.98,,,Multicall
0x0a2cbfa4d8ede40b32f068aecdfab4fc230a59cd4c7eb082502067c99abc719f,15993423,1668732551,11/18/22 0:49,0x45ecd328179d61c4f74ce729c2399675e5bc85d0,0x68b3465833fb72a70ecdf485e0e4c7bd8665fc45,,0,0.4,712.856,0.001856695,3.308890989,1210.98,,,Multicall
0x18d7f8765a07226e01ad939fda84bfd5b6bf27edc80503f0911a990499d31eb8,15994447,1668744947,11/18/22 4:15,0x45ecd328179d61c4f74ce729c2399675e5bc85d0,0x68b3465833fb72a70ecdf485e0e4c7bd8665fc45,,0,0,0,0.002175465,3.876983849,1210.98,,,Multicall
0x67028a8d57f254fb141d8ec6cd3030eae95e47d9198258ec5436750c87aac2f3,15994867,1668750023,11/18/22 5:40,0x45ecd328179d61c4f74ce729c2399675e5bc85d0,0x68b3465833fb72a70ecdf485e0e4c7bd8665fc45,,0,0,0,0.001574696,2.806328153,1210.98,,,Multicall
0xd54529e5365a5810c4ef3d58d470b6c713cefd074f54e0d0bc975f9bfbf38e95,16056603,1669495211,11/26/22 20:40,0x45ecd328179d61c4f74ce729c2399675e5bc85d0,0x68b3465833fb72a70ecdf485e0e4c7bd8665fc45,,0,0.3,534.642,0.001767149,3.149306174,1204.94,,,Multicall
0x33dcc6b72d850d632b8d719d546a13c71236e517e91210cf6b69f87644915adb,16079550,1669772039,11/30/22 1:33,0x45ecd328179d61c4f74ce729c2399675e5bc85d0,0x68b3465833fb72a70ecdf485e0e4c7bd8665fc45,,0,0.271615197,484.0563077,0.001700657,3.030809039,1294.92,,,Multicall
0x337e0533820a0e63e1d5459b5ba0b9a791a7896a68015f5557c3ff01ab8bc34e,16139906,1670501495,12/8/22 12:11,0x45ecd328179d61c4f74ce729c2399675e5bc85d0,0x68b3465833fb72a70ecdf485e0e4c7bd8665fc45,,0,0.4,712.856,0.002320349,4.135186443,1280.28,,,Multicall
0xd8ea1942eb46c6682fb326225087e72d0b63d34a0d1c3de811519b97fb8ee06a,16168619,1670848019,12/12/22 12:26,0x45ecd328179d61c4f74ce729c2399675e5bc85d0,0x68b3465833fb72a70ecdf485e0e4c7bd8665fc45,,0,0.18,320.7852,0.002200557,3.921700505,1275.37,,,Multicall
0xc733a0abf13a057c86393eac17f5183cb7de2990b3fe5f8634e493d90c706c90,16176916,1670948303,12/13/22 16:18,0x45ecd328179d61c4f74ce729c2399675e5bc85d0,0x68b3465833fb72a70ecdf485e0e4c7bd8665fc45,,0,0.08,142.5712,0.004208857,7.500771835,1320.43,,,Multicall
0x73993eb7c49c879d6e253cc802d6c3b2a3e53a235bdea83ce5e233ca7fd966ba,16233109,1671626099,12/21/22 12:34,0x45ecd328179d61c4f74ce729c2399675e5bc85d0,0x68b3465833fb72a70ecdf485e0e4c7bd8665fc45,,0,0,0,0.002389588,4.258580936,1213.84,,,Multicall
0x05cff3588b4ce1e013ed981ca9d5c12864e0cb50799a3c41887bba515b345003,16291003,1672323983,12/29/22 14:26,0x45ecd328179d61c4f74ce729c2399675e5bc85d0,0x68b3465833fb72a70ecdf485e0e4c7bd8665fc45,,0,0,0,0.003976636,7.086921245,1200.06,,,Multicall
0x59d3e13d46032935e79443abf91007e318e6cca27a98797e926ea5392a2ba617,16291403,1672328843,12/29/22 15:47,0x45ecd328179d61c4f74ce729c2399675e5bc85d0,0x68b3465833fb72a70ecdf485e0e4c7bd8665fc45,,0,0.2,356.428,0.002616727,4.663373521,1200.06,,,Multicall
0x6b519c4d473e3ad2ce2ccfa99860092c978bd6b918203ba4735ab8895017410e,16291413,1672328963,12/29/22 15:49,0x45ecd328179d61c4f74ce729c2399675e5bc85d0,0x68b3465833fb72a70ecdf485e0e4c7bd8665fc45,,0,0.42,748.4988,0.003390649,6.042611747,1200.06,,,Multicall
0xe35be748b8d45051e3d9338981f6766b0deed94febd2c801ea431a2c5f79d00e,16292513,1672342235,12/29/22 19:30,0x45ecd328179d61c4f74ce729c2399675e5bc85d0,0x68b3465833fb72a70ecdf485e0e4c7bd8665fc45,,0,0,0,0.003035786,5.410195786,1200.06,,,Multicall
0xf88d3cefceea3cbfa9994971a16b0e1b462394c1f30b50109ff93d535530701e,16704054,1649233091,4/6/22 8:18,0x7a5ec1956cc01d32b1aed64b7adf4a10cade0697,0x45ecd328179d61c4f74ce729c2399675e5bc85d0,,0.0003,0,0.102456,0.000105,0.0358596,420.17,,,Transfer
0x5a6d10a2408d3cfed7660ea6f0cb901ddfda45df7d019d4a97027458c3bbf5ae,16704068,1649233133,4/6/22 8:18,0x45ecd328179d61c4f74ce729c2399675e5bc85d0,0x55d398326f99059ff775485246999027b3197955,,0,0,0,0.00022203,0.075827686,420.17,,,Approve
0xaf5641c1f7845bf3014a5868366571b27dfebaaa1c3c4469309d76f02f147c51,16704362,1649234116,4/6/22 8:35,0x7a5ec1956cc01d32b1aed64b7adf4a10cade0697,0x45ecd328179d61c4f74ce729c2399675e5bc85d0,,0.0008,0,0.273216,0.000105,0.0358596,420.17,,,Transfer
0xbe995f17932378b6e02abe50cac046f1b15d5ed562abe611371f1a0aaae9c6e8,16704387,1649234206,4/6/22 8:36,0x45ecd328179d61c4f74ce729c2399675e5bc85d0,0x10ed43c718714eb63d5aa57b78b54704e256024e,,0,0,0,0.00062753,0.214314046,420.17,,,Swap Exact Tokens For ETH
0x8884f5be3c0b47075cdf743db1f9108656fd4c85b9242acafdef4d05ee82ab99,16704515,1649234671,4/6/22 8:44,0x45ecd328179d61c4f74ce729c2399675e5bc85d0,0x55d398326f99059ff775485246999027b3197955,,0,0,0,0.00022203,0.075827686,420.17,,,Approve
0xdf5984ef448900adb6b4a7357f894f7e146bf94ed27b24cdf25fe704b6a69451,16731341,1649315481,4/7/22 7:11,0x45ecd328179d61c4f74ce729c2399675e5bc85d0,0x10ed43c718714eb63d5aa57b78b54704e256024e,,0,0,0,0.00130289,0.444962993,436.34,,,Swap Tokens For Exact Tokens
0xbbc959b8762028b920374a8e3524930ae287061eef0da6f6b6042c1a15e3055b,16749046,1649368779,4/7/22 21:59,0x45ecd328179d61c4f74ce729c2399675e5bc85d0,0xab2ca8b821562ae6121583b6d8a606c7f8ca35c1,,0,0,0,0.00010972,0.037471574,436.34,,,Approve
0x771091d8336ad108de336511a181fab8434f901211006f12b6f6874e67cd70ff,16797379,1649514411,4/9/22 14:26,0x45ecd328179d61c4f74ce729c2399675e5bc85d0,0x550e6000663eaf96a65bbd930ec19b85f2392bf9,,0,0,0,0.00010972,0.037471574,426.93,,,Approve
0x34f8d454996344a7ef04980150bf7226b0a2ff5cca0930a0c89e79ae951d660c,20257178,1659949060,8/8/22 8:57,0x635308e731a878741bfec299e67f5fd28c7553d9,0x45ecd328179d61c4f74ce729c2399675e5bc85d0,,1.06161155,0,362.5615766,0.000105,0.0358596,325.04,,,Transfer
0x86a71d36093336003d4a2dc332936a9eefc11bbe3cbea4f840a3980a1da3647f,20257337,1659949537,8/8/22 9:05,0x45ecd328179d61c4f74ce729c2399675e5bc85d0,0x10ed43c718714eb63d5aa57b78b54704e256024e,,0,0.9,307.368,0.003358105,1.14686002,325.04,,,Swap Exact ETH For Tokens
0xfbdab1a861553719d1bc51ab0efa7bf1e75cd9c65090da3a544c44c5f5332e69,20318979,1660134794,8/10/22 12:33,0x45ecd328179d61c4f74ce729c2399675e5bc85d0,0x10ed43c718714eb63d5aa57b78b54704e256024e,,0,0,0,0.00055265,0.188741028,328.9,,,Swap Exact Tokens For ETH
0xcec61f765da22f785920cc83ab60adc60418dd837b165de891d427ba4c3694c7,20578533,1660914403,8/19/22 13:06,0x45ecd328179d61c4f74ce729c2399675e5bc85d0,0x2a48ece377b87ce941406657b9278b4459595e06,,0,0,0,0.00022264,0.076036013,279.11,,,Approve
0x8315559e872e00bb335159a5350253fb73b2265ed2bb57807483e0ba30a38816,20578607,1660914625,8/19/22 13:10,0x45ecd328179d61c4f74ce729c2399675e5bc85d0,0x10ed43c718714eb63d5aa57b78b54704e256024e,,0,0,0,0.00512345,1.749760644,279.11,,,Swap Exact Tokens For ETH Supporting Fee On Transfer Tokens
0xf78f4fe6966f083beacb608dd725c05060fcb74e771c2cdcf8f4184767e77847,20679674,1661217943,8/23/22 1:25,0x45ecd328179d61c4f74ce729c2399675e5bc85d0,0x10ed43c718714eb63d5aa57b78b54704e256024e,,0,0.5,170.76,0.000839425,0.286680426,299.15,,,Swap Exact ETH For Tokens
0x061b42aeacff7bbee7454d5f8c8658f712003f3251efcae6c7ac78c77a568c49,20679903,1661218630,8/23/22 1:37,0x45ecd328179d61c4f74ce729c2399675e5bc85d0,0xe6ac4eb2d605becf39abd7b2d98311e657cc9044,,0,0,0,0.00022558,0.077040082,299.15,,,Approve