tradeCreatedAt,orderId,symbol,side,price,size,funds,fee,liquidity,feeCurrency,orderType
9/29/22 22:26,6335ab3266ea020001982c97,LUNC-USDT,buy,0.00027791,872700.291,242.5321379,0.242532138,taker,USDT,market
9/29/22 22:26,6335ab3266ea020001982c97,LUNC-USDT,buy,0.00027788,1077082.648,299.2997261,0.299299726,taker,USDT,market
9/29/22 22:26,6335ab3266ea020001982c97,LUNC-USDT,buy,0.00027785,93176.038,25.88896216,0.025888962,taker,USDT,market
9/29/22 21:54,6335a396014b820001a72450,ETH-USDT,buy,1300.76,0.0250617,32.59925689,0.032599257,taker,USDT,market
9/29/22 21:54,6335a396014b820001a72450,ETH-USDT,buy,1300.76,1.9776136,2572.400666,2.572400666,taker,USDT,market
9/28/22 18:26,633421504b0e6100014bbb02,LUNC-USDT,sell,0.00028876,119608.1935,34.53806196,0.034538062,taker,USDT,market
9/28/22 18:26,633421504b0e6100014bbb02,LUNC-USDT,sell,0.00028877,2733316.242,789.2997311,0.789299731,taker,USDT,market
9/28/22 0:13,633321340347520001291fe1,LUNC-USDT,sell,0.0002748,175114.0639,48.12134476,0.048121345,taker,USDT,market
9/28/22 0:13,633321340347520001291fe1,LUNC-USDT,sell,0.0002748,2079.0484,0.5713225,0.000571323,taker,USDT,market
9/28/22 0:13,633321340347520001291fe1,LUNC-USDT,sell,0.0002748,2439.6244,0.670408785,0.000670409,taker,USDT,market
9/28/22 0:13,633321340347520001291fe1,LUNC-USDT,sell,0.0002748,6455.2866,1.773912758,0.001773913,taker,USDT,market
9/28/22 0:13,633321340347520001291fe1,LUNC-USDT,sell,0.0002748,23811.6338,6.543436968,0.006543437,taker,USDT,market
9/28/22 0:13,633321340347520001291fe1,LUNC-USDT,sell,0.0002748,7720.8235,2.121682298,0.002121682,taker,USDT,market
9/28/22 0:13,633321340347520001291fe1,LUNC-USDT,sell,0.0002748,2901.2924,0.797275152,0.000797275,taker,USDT,market
9/28/22 0:13,633321340347520001291fe1,LUNC-USDT,sell,0.0002748,5603.4426,1.539826026,0.001539826,taker,USDT,market
9/28/22 0:13,633321340347520001291fe1,LUNC-USDT,sell,0.0002748,14753.8464,4.054356991,0.004054357,taker,USDT,market
9/28/22 0:13,633321340347520001291fe1,LUNC-USDT,sell,0.0002748,2761.024,0.758729395,0.000758729,taker,USDT,market
9/28/22 0:13,633321340347520001291fe1,LUNC-USDT,sell,0.00027481,60937.501,16.74623465,0.016746235,taker,USDT,market
9/28/22 0:13,633321340347520001291fe1,LUNC-USDT,sell,0.00027481,17232.5797,4.735685227,0.004735685,taker,USDT,market
9/28/22 0:13,633321340347520001291fe1,LUNC-USDT,sell,0.00027481,7547.924,2.074244994,0.002074245,taker,USDT,market
9/28/22 0:13,633321340347520001291fe1,LUNC-USDT,sell,0.00027481,34017.5918,9.348374403,0.009348374,taker,USDT,market
9/28/22 0:13,633321340347520001291fe1,LUNC-USDT,sell,0.00027482,210300,57.794646,0.057794646,taker,USDT,market
9/28/22 0:13,633321340347520001291fe1,LUNC-USDT,sell,0.00027482,106200,29.185884,0.029185884,taker,USDT,market
9/28/22 0:13,633321340347520001291fe1,LUNC-USDT,sell,0.00027482,3770.1615,1.036115783,0.001036116,taker,USDT,market
9/28/22 0:13,633321340347520001291fe1,LUNC-USDT,sell,0.00027482,1899.6568,0.522063682,0.000522064,taker,USDT,market
9/28/22 0:13,633321340347520001291fe1,LUNC-USDT,sell,0.00027482,6908.7039,1.898650006,0.00189865,taker,USDT,market
9/28/22 0:13,633321340347520001291fe1,LUNC-USDT,sell,0.00027482,2272.3373,0.624483737,0.000624484,taker,USDT,market
9/28/22 0:13,633321340347520001291fe1,LUNC-USDT,sell,0.00027482,21297.1399,5.852879987,0.00585288,taker,USDT,market
9/28/22 0:13,633321340347520001291fe1,LUNC-USDT,sell,0.00027482,1434.125,0.394126233,0.000394126,taker,USDT,market
9/28/22 0:13,633321340347520001291fe1,LUNC-USDT,sell,0.00027482,3377.4635,0.928194519,0.000928195,taker,USDT,market
9/28/22 0:13,633321340347520001291fe1,LUNC-USDT,sell,0.00027482,6510.095,1.789104308,0.001789104,taker,USDT,market
9/28/22 0:13,633321340347520001291fe1,LUNC-USDT,sell,0.00027483,2380.3379,0.654188265,0.000654188,taker,USDT,market
9/28/22 0:13,633321340347520001291fe1,LUNC-USDT,sell,0.00027483,1317.6962,0.362142447,0.000362142,taker,USDT,market
9/28/22 0:13,633321340347520001291fe1,LUNC-USDT,sell,0.00027483,1429.632,0.392905763,0.000392906,taker,USDT,market
9/28/22 0:13,633321340347520001291fe1,LUNC-USDT,sell,0.00027484,32410.1351,8.907601531,0.008907602,taker,USDT,market
9/28/22 0:13,633321340347520001291fe1,LUNC-USDT,sell,0.00027484,938.6215,0.257970733,0.000257971,taker,USDT,market
9/28/22 0:13,633321340347520001291fe1,LUNC-USDT,sell,0.00027484,19185.0579,5.272821313,0.005272821,taker,USDT,market
9/28/22 0:13,633321340347520001291fe1,LUNC-USDT,sell,0.00027484,1302.1084,0.357871473,0.000357871,taker,USDT,market
9/28/22 0:13,633321340347520001291fe1,LUNC-USDT,sell,0.00027484,1492.8878,0.410305283,0.000410305,taker,USDT,market
9/28/22 0:13,633321340347520001291fe1,LUNC-USDT,sell,0.00027484,12442.8237,3.419785666,0.003419786,taker,USDT,market
9/28/22 0:13,633321340347520001291fe1,LUNC-USDT,sell,0.00027484,5432.7376,1.493133602,0.001493134,taker,USDT,market
9/28/22 0:13,633321340347520001291fe1,LUNC-USDT,sell,0.00027485,3700.1302,1.016980785,0.001016981,taker,USDT,market
9/28/22 0:13,633321340347520001291fe1,LUNC-USDT,sell,0.00027485,5319.8976,1.462173855,0.001462174,taker,USDT,market
9/28/22 0:13,633321340347520001291fe1,LUNC-USDT,sell,0.00027485,2397.7124,0.659011253,0.000659011,taker,USDT,market
9/28/22 0:13,633321340347520001291fe1,LUNC-USDT,sell,0.00027485,823.3628,0.226301266,0.000226301,taker,USDT,market
9/28/22 0:13,633321340347520001291fe1,LUNC-USDT,sell,0.00027485,26522.888,7.289815767,0.007289816,taker,USDT,market
9/28/22 0:13,633321340347520001291fe1,LUNC-USDT,sell,0.00027486,1511.8457,0.415545909,0.000415546,taker,USDT,market
9/28/22 0:13,633321340347520001291fe1,LUNC-USDT,sell,0.00027486,3027.3566,0.832099235,0.000832099,taker,USDT,market
9/28/22 0:13,633321340347520001291fe1,LUNC-USDT,sell,0.00027486,1888.4727,0.519065606,0.000519066,taker,USDT,market
9/28/22 0:13,633321340347520001291fe1,LUNC-USDT,sell,0.00027486,5117.3773,1.406562325,0.001406562,taker,USDT,market
9/28/22 0:13,633321340347520001291fe1,LUNC-USDT,sell,0.00027486,2043.4455,0.56166143,0.000561661,taker,USDT,market
9/28/22 0:13,633321340347520001291fe1,LUNC-USDT,sell,0.00027486,6017.4473,1.653955565,0.001653956,taker,USDT,market
9/28/22 0:13,633321340347520001291fe1,LUNC-USDT,sell,0.00027486,3007.2795,0.826580843,0.000826581,taker,USDT,market
9/28/22 0:13,633321340347520001291fe1,LUNC-USDT,sell,0.00027486,3449.8807,0.948234209,0.000948234,taker,USDT,market
9/28/22 0:13,633321340347520001291fe1,LUNC-USDT,sell,0.00027486,3746.4414,1.029746883,0.001029747,taker,USDT,market
9/28/22 0:13,633321340347520001291fe1,LUNC-USDT,sell,0.00027486,2033.2296,0.558853488,0.000558853,taker,USDT,market
9/28/22 0:13,633321340347520001291fe1,LUNC-USDT,sell,0.00027486,55153.507,15.15949293,0.015159493,taker,USDT,market
9/28/22 0:13,633321340347520001291fe1,LUNC-USDT,sell,0.00027486,3766.0333,1.035131913,0.001035132,taker,USDT,market
9/28/22 0:13,633321340347520001291fe1,LUNC-USDT,sell,0.00027486,6029.5854,1.657291843,0.001657292,taker,USDT,market
9/28/22 0:13,633321340347520001291fe1,LUNC-USDT,sell,0.00027486,3813.6481,1.048219317,0.001048219,taker,USDT,market
9/28/22 0:13,633321340347520001291fe1,LUNC-USDT,sell,0.00027486,7944.6698,2.183671941,0.002183672,taker,USDT,market
9/28/22 0:13,633321340347520001291fe1,LUNC-USDT,sell,0.00027486,1953.4037,0.536912541,0.000536913,taker,USDT,market
9/28/22 0:13,633321340347520001291fe1,LUNC-USDT,sell,0.00027486,17773.3034,4.885170173,0.00488517,taker,USDT,market
9/28/22 0:13,633321340347520001291fe1,LUNC-USDT,sell,0.00027486,13443.3011,3.69502574,0.003695026,taker,USDT,market
9/28/22 0:13,633321340347520001291fe1,LUNC-USDT,sell,0.00027486,856.4986,0.235417205,0.000235417,taker,USDT,market
9/28/22 0:13,633321340347520001291fe1,LUNC-USDT,sell,0.00027486,830.064,0.228151391,0.000228151,taker,USDT,market
9/28/22 0:13,633321340347520001291fe1,LUNC-USDT,sell,0.00027486,8706.5679,2.393087253,0.002393087,taker,USDT,market
9/28/22 0:13,633321340347520001291fe1,LUNC-USDT,sell,0.00027486,9937.2598,2.731355229,0.002731355,taker,USDT,market
9/28/22 0:13,633321340347520001291fe1,LUNC-USDT,sell,0.00027486,5028.9642,1.3822611,0.001382261,taker,USDT,market
9/28/22 0:13,633321340347520001291fe1,LUNC-USDT,sell,0.00027486,3773.0682,1.037065525,0.001037066,taker,USDT,market
9/28/22 0:13,633321340347520001291fe1,LUNC-USDT,sell,0.00027486,2215.0853,0.608838346,0.000608838,taker,USDT,market
9/28/22 0:13,633321340347520001291fe1,LUNC-USDT,sell,0.00027486,1367.2974,0.375815363,0.000375815,taker,USDT,market
9/28/22 0:13,633321340347520001291fe1,LUNC-USDT,sell,0.00027486,1413.8219,0.388603087,0.000388603,taker,USDT,market
9/28/22 0:13,633321340347520001291fe1,LUNC-USDT,sell,0.00027486,6506.8446,1.788471307,0.001788471,taker,USDT,market
9/28/22 0:13,633321340347520001291fe1,LUNC-USDT,sell,0.00027487,2278.3204,0.626241928,0.000626242,taker,USDT,market
9/28/22 0:13,633321340347520001291fe1,LUNC-USDT,sell,0.00027487,56015.924,15.39709703,0.015397097,taker,USDT,market
9/28/22 0:13,633321340347520001291fe1,LUNC-USDT,sell,0.00027487,49210.458,13.52647859,0.013526479,taker,USDT,market
9/28/22 0:13,633321340347520001291fe1,LUNC-USDT,sell,0.00027487,19758.9203,5.431134423,0.005431134,taker,USDT,market
9/28/22 0:13,633321340347520001291fe1,LUNC-USDT,sell,0.00027487,52106.6457,14.3225537,0.014322554,taker,USDT,market
9/28/22 0:13,633321340347520001291fe1,LUNC-USDT,sell,0.00027487,4662.4957,1.281580193,0.00128158,taker,USDT,market
9/28/22 0:13,633321340347520001291fe1,LUNC-USDT,sell,0.00027487,3836.1141,1.054432683,0.001054433,taker,USDT,market
9/28/22 0:13,633321340347520001291fe1,LUNC-USDT,sell,0.00027487,2172.6276,0.597190148,0.00059719,taker,USDT,market
9/28/22 0:13,633321340347520001291fe1,LUNC-USDT,sell,0.00027487,3982.9156,1.094784011,0.001094784,taker,USDT,market
9/28/22 0:13,633321340347520001291fe1,LUNC-USDT,sell,0.00027487,3577.7087,0.98340479,0.000983405,taker,USDT,market
9/28/22 0:13,633321340347520001291fe1,LUNC-USDT,sell,0.00027487,2872.6403,0.789602639,0.000789603,taker,USDT,market
9/28/22 0:13,633321340347520001291fe1,LUNC-USDT,sell,0.00027487,8674.0066,2.384224194,0.002384224,taker,USDT,market
9/28/22 0:13,633321340347520001291fe1,LUNC-USDT,sell,0.00027487,2057.8173,0.565632241,0.000565632,taker,USDT,market
9/28/22 0:13,633321340347520001291fe1,LUNC-USDT,sell,0.00027487,2742.0328,0.753702556,0.000753703,taker,USDT,market
9/28/22 0:13,633321340347520001291fe1,LUNC-USDT,sell,0.00027487,5048.7327,1.387745157,0.001387745,taker,USDT,market
9/28/22 0:13,633321340347520001291fe1,LUNC-USDT,sell,0.00027487,6240.3506,1.715285169,0.001715285,taker,USDT,market
9/28/22 0:13,633321340347520001291fe1,LUNC-USDT,sell,0.00027487,1472.2169,0.404668259,0.000404668,taker,USDT,market
9/28/22 0:13,633321340347520001291fe1,LUNC-USDT,sell,0.00027487,2159.726,0.593643886,0.000593644,taker,USDT,market
9/28/22 0:13,633321340347520001291fe1,LUNC-USDT,sell,0.00027487,15172.2861,4.17040628,0.004170406,taker,USDT,market
9/28/22 0:13,633321340347520001291fe1,LUNC-USDT,sell,0.00027488,3303.7558,0.908136394,0.000908136,taker,USDT,market
9/28/22 0:13,633321340347520001291fe1,LUNC-USDT,sell,0.00027488,114863.1319,31.5735777,0.031573578,taker,USDT,market
9/28/22 0:13,633321340347520001291fe1,LUNC-USDT,sell,0.00027488,2153.7467,0.592021893,0.000592022,taker,USDT,market
9/28/22 0:13,633321340347520001291fe1,LUNC-USDT,sell,0.00027488,123320.3764,33.89830506,0.033898305,taker,USDT,market
9/28/22 0:13,633321340347520001291fe1,LUNC-USDT,sell,0.00027488,1088.4229,0.299185687,0.000299186,taker,USDT,market
9/28/22 0:13,633321340347520001291fe1,LUNC-USDT,sell,0.00027488,150712.1492,41.42775557,0.041427756,taker,USDT,market
9/28/22 0:13,633321340347520001291fe1,LUNC-USDT,sell,0.00027488,3808.9065,1.046992219,0.001046992,taker,USDT,market
9/28/22 0:13,633321340347520001291fe1,LUNC-USDT,sell,0.00027489,1617.9356,0.444754317,0.000444754,taker,USDT,market
9/28/22 0:13,633321340347520001291fe1,LUNC-USDT,sell,0.00027489,2731.5625,0.750879216,0.000750879,taker,USDT,market
9/28/22 0:13,633321340347520001291fe1,LUNC-USDT,sell,0.00027489,2308.0838,0.634469156,0.000634469,taker,USDT,market
9/28/22 0:13,633321340347520001291fe1,LUNC-USDT,sell,0.0002749,7523.211,2.068130704,0.002068131,taker,USDT,market
9/28/22 0:13,633321340347520001291fe1,LUNC-USDT,sell,0.0002749,29323.4647,8.061020446,0.00806102,taker,USDT,market
9/28/22 0:13,633321340347520001291fe1,LUNC-USDT,sell,0.0002749,2088.5987,0.574155783,0.000574156,taker,USDT,market
9/28/22 0:13,633321340347520001291fe1,LUNC-USDT,sell,0.0002749,15736.923,4.326080133,0.00432608,taker,USDT,market
9/28/22 0:13,633321340347520001291fe1,LUNC-USDT,sell,0.0002749,9905.2099,2.722942202,0.002722942,taker,USDT,market
9/28/22 0:13,633321340347520001291fe1,LUNC-USDT,sell,0.0002749,942010.1455,258.958589,0.258958589,taker,USDT,market
9/28/22 0:13,633321340347520001291fe1,LUNC-USDT,sell,0.0002749,3151.833,0.866438892,0.000866439,taker,USDT,market
9/28/22 0:13,633321340347520001291fe1,LUNC-USDT,sell,0.0002749,15398.9834,4.233180537,0.004233181,taker,USDT,market
9/28/22 0:13,633321340347520001291fe1,LUNC-USDT,sell,0.0002749,7409.1017,2.036762057,0.002036762,taker,USDT,market
9/28/22 0:13,633321340347520001291fe1,LUNC-USDT,sell,0.0002749,29400.7997,8.082279838,0.00808228,taker,USDT,market
9/28/22 0:13,633321340347520001291fe1,LUNC-USDT,sell,0.0002749,16796.0263,4.61722763,0.004617228,taker,USDT,market
9/28/22 0:13,633321340347520001291fe1,LUNC-USDT,sell,0.0002749,2889.0405,0.794197233,0.000794197,taker,USDT,market
9/28/22 0:13,633321340347520001291fe1,LUNC-USDT,sell,0.0002749,2454.1568,0.674647704,0.000674648,taker,USDT,market
9/28/22 0:13,633321340347520001291fe1,LUNC-USDT,sell,0.00027491,3107.6278,0.854317958,0.000854318,taker,USDT,market
9/28/22 0:13,633321340347520001291fe1,LUNC-USDT,sell,0.00027491,6683.2344,1.837287969,0.001837288,taker,USDT,market
9/28/22 0:13,633321340347520001291fe1,LUNC-USDT,sell,0.00027491,40424.2933,11.11304247,0.011113042,taker,USDT,market
9/28/22 0:13,633321340347520001291fe1,LUNC-USDT,sell,0.00027491,16810.2401,4.621303106,0.004621303,taker,USDT,market
9/28/22 0:13,633321340347520001291fe1,LUNC-USDT,sell,0.00027491,2855.4272,0.784985492,0.000784985,taker,USDT,market
9/28/22 0:13,633321340347520001291fe1,LUNC-USDT,sell,0.00027491,3281.398,0.902089124,0.000902089,taker,USDT,market
9/28/22 0:13,633321340347520001291fe1,LUNC-USDT,sell,0.00027491,3198.2037,0.879218179,0.000879218,taker,USDT,market
9/28/22 0:13,633321340347520001291fe1,LUNC-USDT,sell,0.00027491,4130.7721,1.135590558,0.001135591,taker,USDT,market
9/28/22 0:13,633321340347520001291fe1,LUNC-USDT,sell,0.00027491,2709.8952,0.744977289,0.000744977,taker,USDT,market
9/28/22 0:13,633321340347520001291fe1,LUNC-USDT,sell,0.00027492,8888.7439,2.443693473,0.002443693,taker,USDT,market
9/28/22 0:13,6333210e3e85bf0001ea1f59,LUNC-USDT,sell,0.00027534,5594748.87,1540.458154,1.540458154,taker,USDT,market
9/28/22 0:13,6333210e3e85bf0001ea1f59,LUNC-USDT,sell,0.00027543,111100,30.600273,0.030600273,taker,USDT,market
9/28/22 0:11,633320ac30bbb10001c6e462,LUNC-USDT,buy,0.0002769,2769291.675,766.8168649,0.766816865,taker,USDT,market
9/28/22 0:11,633320ac30bbb10001c6e462,LUNC-USDT,buy,0.0002769,5716114.871,1582.792208,1.582792208,taker,USDT,market
9/28/22 0:11,633320ac30bbb10001c6e462,LUNC-USDT,buy,0.0002767,57463.4715,15.90014256,0.015900143,taker,USDT,market
9/28/22 0:11,633320ac30bbb10001c6e462,LUNC-USDT,buy,0.00027668,2640623.793,730.607791,0.730607791,taker,USDT,market
9/28/22 0:11,633320ac30bbb10001c6e462,LUNC-USDT,buy,0.00027667,228203.9299,63.13718129,0.063137181,taker,USDT,market
9/28/22 0:10,6333208c30915f00017ae2bc,LUNC-USDT,sell,0.00027682,1127734.77,312.1795389,0.312179539,taker,USDT,market
9/28/22 0:10,6333208c30915f00017ae2bc,LUNC-USDT,sell,0.00027693,171342.4676,47.44986955,0.04744987,taker,USDT,market
9/28/22 0:10,6333208c30915f00017ae2bc,LUNC-USDT,sell,0.00027694,5716114.871,1583.020852,1.583020852,taker,USDT,market
9/28/22 0:10,6333208c30915f00017ae2bc,LUNC-USDT,sell,0.00027694,66959.7052,18.54382076,0.018543821,taker,USDT,market
9/28/22 0:10,6333208c30915f00017ae2bc,LUNC-USDT,sell,0.00027696,630507.0033,174.6252196,0.17462522,taker,USDT,market
9/28/22 0:10,6333208c30915f00017ae2bc,LUNC-USDT,sell,0.00027697,3702946.238,1025.60502,1.02560502,taker,USDT,market
9/28/22 0:10,6333208c30915f00017ae2bc,LUNC-USDT,sell,0.00027698,14999.9999,4.154699972,0.0041547,taker,USDT,market
9/27/22 15:04,6332a08e3b7e100001f2fa63,LUNC-USDT,buy,0.0003009,7058912.831,2124.026871,2.124026871,taker,USDT,market
9/27/22 15:04,6332a08e3b7e100001f2fa63,LUNC-USDT,buy,0.00030086,633676.8891,190.6480289,0.190648029,taker,USDT,market
9/27/22 15:04,6332a08e3b7e100001f2fa63,LUNC-USDT,buy,0.00030084,2350750.005,707.1996316,0.707199632,taker,USDT,market
9/27/22 15:04,6332a08e3b7e100001f2fa63,LUNC-USDT,buy,0.00030083,62800,18.892124,0.018892124,taker,USDT,market
9/27/22 15:04,6332a08e3b7e100001f2fa63,LUNC-USDT,buy,0.00030083,59800,17.989634,0.017989634,taker,USDT,market
9/27/22 15:04,6332a08e3b7e100001f2fa63,LUNC-USDT,buy,0.0003008,1000000,300.8,0.3008,taker,USDT,market
9/27/22 15:04,6332a08e3b7e100001f2fa63,LUNC-USDT,buy,0.00030079,64665.3289,19.45068428,0.019450684,taker,USDT,market
9/27/22 15:04,6332a08e3b7e100001f2fa63,LUNC-USDT,buy,0.00030074,200000,60.148,0.060148,taker,USDT,market
9/27/22 14:38,63329a5cfe7a7e00014ac3e2,ETH-USDT,buy,1388.67,1.0002376,1388.999948,1.388999948,taker,USDT,market
9/27/22 9:30,63325224ca992b00017d16a8,LUNC-USDT,sell,0.00029483,2384890.794,703.1373529,0.703137353,taker,USDT,market
9/27/22 9:30,63325224ca992b00017d16a8,LUNC-USDT,sell,0.00029483,913706.4936,269.3880855,0.269388086,taker,USDT,market
9/27/22 9:30,63325224ca992b00017d16a8,LUNC-USDT,sell,0.00029491,18308.9054,5.399479292,0.005399479,taker,USDT,market
9/27/22 9:30,63325224ca992b00017d16a8,LUNC-USDT,sell,0.00029496,2399.8806,0.707868782,0.000707869,taker,USDT,market
9/27/22 9:30,63325224ca992b00017d16a8,LUNC-USDT,sell,0.00029499,761.2722,0.224567686,0.000224568,taker,USDT,market
9/27/22 8:06,63323e68072b4e0001236c8c,LUNC-USDT,buy,0.00030121,2351992.837,708.4437623,0.708443762,taker,USDT,market
9/27/22 8:06,63323e68072b4e0001236c8c,LUNC-USDT,buy,0.00030121,113326.7754,34.13515802,0.034135158,taker,USDT,market
9/27/22 8:06,63323e68072b4e0001236c8c,LUNC-USDT,buy,0.00030121,425.163,0.128063347,0.000128063,taker,USDT,market
9/27/22 8:06,63323e68072b4e0001236c8c,LUNC-USDT,buy,0.00030121,6329.7331,1.906578907,0.001906579,taker,USDT,market
9/27/22 8:06,63323e68072b4e0001236c8c,LUNC-USDT,buy,0.00030121,2164.4436,0.651952057,0.000651952,taker,USDT,market
9/27/22 8:06,63323e68072b4e0001236c8c,LUNC-USDT,buy,0.00030121,97133.2642,29.25751051,0.029257511,taker,USDT,market
9/27/22 8:06,63323e68072b4e0001236c8c,LUNC-USDT,buy,0.00030121,2808.3345,0.845898435,0.000845898,taker,USDT,market
9/27/22 8:06,63323e68072b4e0001236c8c,LUNC-USDT,buy,0.00030121,4968.9151,1.496686917,0.001496687,taker,USDT,market
9/27/22 8:06,63323e68072b4e0001236c8c,LUNC-USDT,buy,0.0003012,6317.1519,1.902726152,0.001902726,taker,USDT,market
9/27/22 8:06,63323e68072b4e0001236c8c,LUNC-USDT,buy,0.0003012,17560.3336,5.28917248,0.005289172,taker,USDT,market
9/27/22 8:06,63323e68072b4e0001236c8c,LUNC-USDT,buy,0.0003012,5796.2369,1.745826554,0.001745827,taker,USDT,market
9/27/22 8:06,63323e68072b4e0001236c8c,LUNC-USDT,buy,0.0003012,2079.0484,0.626209378,0.000626209,taker,USDT,market
9/27/22 8:06,63323e68072b4e0001236c8c,LUNC-USDT,buy,0.0003012,2038.9451,0.614130264,0.00061413,taker,USDT,market
9/27/22 8:06,63323e68072b4e0001236c8c,LUNC-USDT,buy,0.0003012,3352.0175,1.009627671,0.001009628,taker,USDT,market
9/27/22 8:06,63323e68072b4e0001236c8c,LUNC-USDT,buy,0.0003012,3025.1192,0.911165903,0.000911166,taker,USDT,market
9/27/22 8:06,63323e68072b4e0001236c8c,LUNC-USDT,buy,0.0003012,4496.1185,1.354230892,0.001354231,taker,USDT,market
9/27/22 8:06,63323e68072b4e0001236c8c,LUNC-USDT,buy,0.0003012,1306.6699,0.393568974,0.000393569,taker,USDT,market
9/27/22 8:06,63323e68072b4e0001236c8c,LUNC-USDT,buy,0.0003012,1933.5676,0.582390561,0.000582391,taker,USDT,market
9/27/22 8:06,63323e68072b4e0001236c8c,LUNC-USDT,buy,0.00030119,136902.8446,41.23376777,0.041233768,taker,USDT,market
9/27/22 8:06,63323e68072b4e0001236c8c,LUNC-USDT,buy,0.00030119,3597.5359,1.083541838,0.001083542,taker,USDT,market
9/27/22 8:06,63323e68072b4e0001236c8c,LUNC-USDT,buy,0.00030119,2235.9559,0.673447558,0.000673448,taker,USDT,market
9/27/22 8:06,63323e68072b4e0001236c8c,LUNC-USDT,buy,0.00030119,15505.726,4.670169614,0.00467017,taker,USDT,market
9/27/22 8:06,63323e68072b4e0001236c8c,LUNC-USDT,buy,0.00030119,12442.8237,3.74765407,0.003747654,taker,USDT,market
9/27/22 8:06,63323e68072b4e0001236c8c,LUNC-USDT,buy,0.00030119,1492.8878,0.449642876,0.000449643,taker,USDT,market
9/27/22 8:06,63323e68072b4e0001236c8c,LUNC-USDT,buy,0.00030119,5432.7376,1.636286238,0.001636286,taker,USDT,market
9/27/22 8:06,63323e68072b4e0001236c8c,LUNC-USDT,buy,0.00030118,6708.2896,2.020402662,0.002020403,taker,USDT,market
9/27/22 8:06,63323e68072b4e0001236c8c,LUNC-USDT,buy,0.00030118,8693.8709,2.618420038,0.00261842,taker,USDT,market
9/27/22 8:06,63323e68072b4e0001236c8c,LUNC-USDT,buy,0.00030117,11336.7245,3.414281318,0.003414281,taker,USDT,market
9/27/22 8:06,63323e68072b4e0001236c8c,LUNC-USDT,buy,0.00030117,3678.402,1.10782433,0.001107824,taker,USDT,market
9/27/22 8:06,63323e68072b4e0001236c8c,LUNC-USDT,buy,0.00030117,6379.4542,1.921300221,0.0019213,taker,USDT,market
9/27/22 8:06,63323e68072b4e0001236c8c,LUNC-USDT,buy,0.00030116,2850.6858,0.858512536,0.000858513,taker,USDT,market
9/27/22 8:06,63323e68072b4e0001236c8c,LUNC-USDT,buy,0.00030116,2733.1838,0.823125633,0.000823126,taker,USDT,market
9/27/22 8:06,63323e68072b4e0001236c8c,LUNC-USDT,buy,0.00030116,13187.8063,3.971639745,0.00397164,taker,USDT,market
9/27/22 8:06,63323e68072b4e0001236c8c,LUNC-USDT,buy,0.00030116,1322.0093,0.398136321,0.000398136,taker,USDT,market
9/27/22 8:06,63323e68072b4e0001236c8c,LUNC-USDT,buy,0.00030116,2294.489,0.691008307,0.000691008,taker,USDT,market
9/27/22 8:06,63323e68072b4e0001236c8c,LUNC-USDT,buy,0.00030116,13701.2525,4.126269203,0.004126269,taker,USDT,market
9/27/22 8:06,63323e68072b4e0001236c8c,LUNC-USDT,buy,0.00030116,12559.8456,3.782523101,0.003782523,taker,USDT,market
9/27/22 8:06,63323e68072b4e0001236c8c,LUNC-USDT,buy,0.00030116,6572.2853,1.979309441,0.001979309,taker,USDT,market
9/27/22 8:06,63323e68072b4e0001236c8c,LUNC-USDT,buy,0.00030115,7409.1017,2.231250977,0.002231251,taker,USDT,market
9/27/22 8:06,63323e68072b4e0001236c8c,LUNC-USDT,buy,0.00030115,6495.6711,1.956171352,0.001956171,taker,USDT,market
9/27/22 8:06,63323e68072b4e0001236c8c,LUNC-USDT,buy,0.00030115,4549.5484,1.370096501,0.001370097,taker,USDT,market
9/27/22 8:06,63323e68072b4e0001236c8c,LUNC-USDT,buy,0.00030115,7720.8235,2.325125997,0.002325126,taker,USDT,market
9/27/22 8:06,63323e68072b4e0001236c8c,LUNC-USDT,buy,0.00030114,397208.717,119.615433,0.119615433,taker,USDT,market
9/27/22 1:55,6331e77b30915f0001c522e1,LUNC-USDT,sell,0.00028785,2706535.765,779.07632,0.77907632,maker,USDT,limit
9/27/22 1:55,6331e77b30915f0001c522e1,LUNC-USDT,sell,0.00028785,2648190.508,762.2816378,0.762281638,maker,USDT,limit
9/27/22 1:55,6331e77b30915f0001c522e1,LUNC-USDT,sell,0.00028785,1028601.612,296.0829741,0.296082974,maker,USDT,limit
9/27/22 1:55,6331e77b30915f0001c522e1,LUNC-USDT,sell,0.00028785,1075.9599,0.309715057,0.000309715,maker,USDT,limit
9/27/22 1:55,6331e77b30915f0001c522e1,LUNC-USDT,sell,0.00028785,1657.0779,0.476989874,0.00047699,maker,USDT,limit
9/27/22 1:55,6331e77b30915f0001c522e1,LUNC-USDT,sell,0.00028785,1665955.019,479.5451523,0.479545152,maker,USDT,limit
9/26/22 22:29,6331b73111dc1a0001543f2f,LUNC-USDT,buy,0.00030753,1588041.731,488.3704734,0.488370473,taker,USDT,market
9/26/22 22:29,6331b73111dc1a0001543f2f,LUNC-USDT,buy,0.00030752,37817.1389,11.62952655,0.011629527,taker,USDT,market
9/26/22 22:25,6331b641c648480001344f57,LUNC-USDT,buy,0.00031123,5139569.746,1599.588292,1.599588292,taker,USDT,market
9/26/22 22:25,6331b641c648480001344f57,LUNC-USDT,buy,0.00031122,1286587.327,400.4117079,0.400411708,taker,USDT,market
9/23/22 19:56,632d9f0b30915f0001c66eef,LUNC-USDT,sell,0.00024525,1188502.331,291.4801967,0.291480197,taker,USDT,market
9/23/22 19:56,632d9f0b30915f0001c66eef,LUNC-USDT,sell,0.00024526,20386.5286,5.000000004,0.005,taker,USDT,market
9/23/22 19:56,632d9f0b30915f0001c66eef,LUNC-USDT,sell,0.00024542,20373.2377,4.999999996,0.005,taker,USDT,market
9/23/22 19:56,632d9f0b30915f0001c66eef,LUNC-USDT,sell,0.00024542,2920636.282,716.7825563,0.716782556,taker,USDT,market
9/23/22 19:56,632d9f0b30915f0001c66eef,LUNC-USDT,sell,0.00024543,200000,49.086,0.049086,taker,USDT,market
9/23/22 19:56,632d9f0b30915f0001c66eef,LUNC-USDT,sell,0.00024548,320546.1432,78.68766723,0.078687667,taker,USDT,market
9/23/22 19:56,632d9f0b30915f0001c66eef,LUNC-USDT,sell,0.00024549,200000,49.098,0.049098,taker,USDT,market
9/23/22 19:56,632d9ed230bbb100010f9fe4,LUNC-USDT,buy,0.00024642,2348015.333,578.5979383,0.578597938,taker,USDT,market
9/23/22 19:56,632d9ed230bbb100010f9fe4,LUNC-USDT,buy,0.00024636,2227510.634,548.7695197,0.54876952,taker,USDT,market
9/23/22 19:56,632d9ed230bbb100010f9fe4,LUNC-USDT,buy,0.00024628,294918.556,72.63254197,0.072632542,taker,USDT,market
9/22/22 21:42,632c665bf40dc8000108cfa1,ETH-USDT,sell,1287.49,0.9993964,1286.712871,1.286712871,taker,USDT,market
9/22/22 21:42,632c665bf40dc8000108cfa1,ETH-USDT,sell,1287.49,0.0006036,0.777128964,0.000777129,taker,USDT,market
9/22/22 21:42,632c665bf40dc8000108cfa1,ETH-USDT,sell,1287.5,2,2575,2.575,taker,USDT,market
9/22/22 21:10,632c5da9c0c6bc000141aa6f,ETH-USDT,buy,1304,0.0000042,0.0054768,5.4768E-06,maker,USDT,limit
9/22/22 21:10,632c5da9c0c6bc000141aa6f,ETH-USDT,buy,1304,0.17477,227.90008,0.22790008,maker,USDT,limit
9/22/22 21:10,632c5da9c0c6bc000141aa6f,ETH-USDT,buy,1304,1.8820184,2454.151994,2.454151994,maker,USDT,limit
9/22/22 21:10,632c5da9c0c6bc000141aa6f,ETH-USDT,buy,1304,0.9432074,1229.94245,1.22994245,maker,USDT,limit
9/22/22 4:46,632b780e034752000107c3bb,ETH-USDT,sell,1310.37,1.9749128,2587.866486,2.587866486,taker,USDT,limit
9/22/22 4:46,632b780e034752000107c3bb,ETH-USDT,sell,1310.37,0.1,131.037,0.131037,taker,USDT,limit
9/22/22 4:46,632b780e034752000107c3bb,ETH-USDT,sell,1310.55,0.0431256,56.51825508,0.056518255,taker,USDT,limit
9/22/22 4:46,632b780e034752000107c3bb,ETH-USDT,sell,1310.55,0.74019,970.0560045,0.970056005,taker,USDT,limit
9/22/22 4:46,632b780e034752000107c3bb,ETH-USDT,sell,1310.55,0.0211773,27.75391052,0.027753911,taker,USDT,limit
9/22/22 4:46,632b780e034752000107c3bb,ETH-USDT,sell,1310.55,0.0181811,23.82724061,0.023827241,taker,USDT,limit
9/22/22 4:46,632b780e034752000107c3bb,ETH-USDT,sell,1310.55,0.104,136.2972,0.1362972,taker,USDT,limit
9/22/22 2:20,632b55fc03475200017cc5be,ETH-USDT,buy,1335.96,2.8796264,3847.065685,3.847065685,taker,USDT,market
9/22/22 2:20,632b55fc03475200017cc5be,ETH-USDT,buy,1335.96,0.1019604,136.215016,0.136215016,taker,USDT,market
9/22/22 2:20,632b55fc03475200017cc5be,ETH-USDT,buy,1335.96,0.02,26.7192,0.0267192,taker,USDT,market
9/22/22 1:16,632b46e3fe7a7e0001a144b8,ETH-USDT,sell,1344.52,0.0875659,117.7341039,0.117734104,taker,USDT,market
9/22/22 1:16,632b46e3fe7a7e0001a144b8,ETH-USDT,sell,1344.52,0.0042473,5.710579796,0.00571058,taker,USDT,market
9/22/22 1:16,632b46e3fe7a7e0001a144b8,ETH-USDT,sell,1344.52,1.301552,1749.962695,1.749962695,taker,USDT,market
9/22/22 1:16,632b46e3fe7a7e0001a144b8,ETH-USDT,sell,1344.52,0.74019,995.2002588,0.995200259,taker,USDT,market
9/22/22 1:16,632b46e3fe7a7e0001a144b8,ETH-USDT,sell,1344.52,0.012,16.13424,0.01613424,taker,USDT,market
9/22/22 1:16,632b46e3fe7a7e0001a144b8,ETH-USDT,sell,1344.52,0.024,32.26848,0.03226848,taker,USDT,market
9/22/22 1:16,632b46e3fe7a7e0001a144b8,ETH-USDT,sell,1344.52,0.012,16.13424,0.01613424,taker,USDT,market
9/22/22 1:16,632b46e3fe7a7e0001a144b8,ETH-USDT,sell,1344.52,0.5142398,691.4056959,0.691405696,taker,USDT,market
9/22/22 1:16,632b46e3fe7a7e0001a144b8,ETH-USDT,sell,1344.52,0.3079381,414.0289342,0.414028934,taker,USDT,market
9/21/22 22:31,632b20490347520001ef7cc9,ETH-USDT,buy,1352.71,0.2511709,339.7613881,0.339761388,taker,USDT,market
9/21/22 22:31,632b20490347520001ef7cc9,ETH-USDT,buy,1352.7,0.0096021,12.98876067,0.012988761,taker,USDT,market
9/21/22 22:31,632b20490347520001ef7cc9,ETH-USDT,buy,1352.69,0.74019,1001.247611,1.001247611,taker,USDT,market
9/21/22 22:31,632b20490347520001ef7cc9,ETH-USDT,buy,1352.64,0.0000016,0.002164224,2.16422E-06,taker,USDT,market
9/21/22 22:31,632b202511dc1a00014ae3d1,LUNC-USDT,sell,0.00028524,690169.8081,196.8640361,0.196864036,taker,USDT,market
9/21/22 22:31,632b202511dc1a00014ae3d1,LUNC-USDT,sell,0.00028524,3061.1064,0.87314999,0.00087315,taker,USDT,market
9/21/22 22:31,632b202511dc1a00014ae3d1,LUNC-USDT,sell,0.00028526,1398797.035,399.0208421,0.399020842,taker,USDT,market
9/21/22 22:31,632b202511dc1a00014ae3d1,LUNC-USDT,sell,0.00028526,3392.9521,0.967873516,0.000967874,taker,USDT,market
9/21/22 22:31,632b202511dc1a00014ae3d1,LUNC-USDT,sell,0.00028526,3685.8194,1.051416842,0.001051417,taker,USDT,market
9/21/22 22:31,632b202511dc1a00014ae3d1,LUNC-USDT,sell,0.00028527,1400266.051,399.4538962,0.399453896,taker,USDT,market
9/21/22 22:31,632b202511dc1a00014ae3d1,LUNC-USDT,sell,0.00028528,1401296.199,399.7617796,0.39976178,taker,USDT,market
9/21/22 22:31,632b202511dc1a00014ae3d1,LUNC-USDT,sell,0.00028531,876212.2398,249.9921141,0.249992114,taker,USDT,market
9/21/22 22:31,632b202511dc1a00014ae3d1,LUNC-USDT,sell,0.00028531,128674.7917,36.71220482,0.036712205,taker,USDT,market
9/21/22 22:31,632b202511dc1a00014ae3d1,LUNC-USDT,sell,0.00028531,16966.4971,4.840711288,0.004840711,taker,USDT,market
9/21/22 22:31,632b202511dc1a00014ae3d1,LUNC-USDT,sell,0.00028534,1771532.098,505.4889688,0.505488969,taker,USDT,market
9/21/22 22:31,632b202511dc1a00014ae3d1,LUNC-USDT,sell,0.00028534,144075.6823,41.11055519,0.041110555,taker,USDT,market
9/21/22 22:31,632b202511dc1a00014ae3d1,LUNC-USDT,sell,0.00028535,280405.1741,80.01361643,0.080013616,taker,USDT,market
9/21/22 22:31,632b202511dc1a00014ae3d1,LUNC-USDT,sell,0.00028535,499999.9999,142.675,0.142675,taker,USDT,market
9/21/22 22:31,632b202511dc1a00014ae3d1,LUNC-USDT,sell,0.00028535,199000,56.78465,0.05678465,taker,USDT,market
9/21/22 15:30,632abda0034752000135158e,LUNC-USDT,buy,0.00028147,821452.1087,231.214125,0.231214125,taker,USDT,market
9/21/22 15:30,632abda0034752000135158e,LUNC-USDT,buy,0.00028147,1429185.659,402.2728874,0.402272887,taker,USDT,market
9/21/22 15:30,632abda0034752000135158e,LUNC-USDT,buy,0.00028146,2143778.57,603.3879164,0.603387916,taker,USDT,market
9/21/22 15:30,632abda0034752000135158e,LUNC-USDT,buy,0.00028145,302000,84.9979,0.0849979,taker,USDT,market
9/21/22 15:15,632aba189ab3cd00015d126f,ETH-USDT,sell,1324.51,0.8847397,1171.84658,1.17184658,taker,USDT,market
9/21/22 15:15,632aba189ab3cd00015d126f,ETH-USDT,sell,1324.59,0.1152603,152.6726408,0.152672641,taker,USDT,market
9/21/22 1:49,6329fd373b7e100001a9a516,LUNC-USDT,buy,0.00028849,3921119.115,1131.203653,1.131203653,taker,USDT,market
9/21/22 1:49,6329fd373b7e100001a9a516,LUNC-USDT,buy,0.00028848,200000,57.696,0.057696,taker,USDT,market
9/20/22 17:57,63298e904b0e61000160dab6,ETH-USDT,buy,1351.48,0.1636082,221.1132101,0.22111321,taker,USDT,market
9/20/22 17:57,63298e904b0e61000160dab6,ETH-USDT,buy,1351.48,0.75783,1024.192088,1.024192088,taker,USDT,market
9/20/22 17:57,63298e904b0e61000160dab6,ETH-USDT,buy,1351.48,0.0796864,107.6945759,0.107694576,taker,USDT,market
9/20/22 17:51,63298d333e85bf00016a2b60,ETH-USDT,buy,1350.39,0.5913135,798.5038373,0.798503837,taker,USDT,market
9/20/22 17:51,63298d333e85bf00016a2b60,ETH-USDT,buy,1350.39,0.2735904,369.4537403,0.36945374,taker,USDT,market
9/20/22 17:51,63298d333e85bf00016a2b60,ETH-USDT,buy,1350.39,1.13674,1535.042329,1.535042329,taker,USDT,market
9/19/22 8:07,6327b2cdfe7a7e0001dda9ad,LUNA-USDT,sell,2.7448,577.7263,1585.743148,1.585743148,taker,USDT,market
9/19/22 8:07,6327b2cdfe7a7e0001dda9ad,LUNA-USDT,sell,2.7448,0.3696,1.01447808,0.001014478,taker,USDT,market
9/19/22 8:07,6327b2cdfe7a7e0001dda9ad,LUNA-USDT,sell,2.7448,0.3386,0.92938928,0.000929389,taker,USDT,market
9/19/22 8:07,6327b2cdfe7a7e0001dda9ad,LUNA-USDT,sell,2.7448,0.4961,1.36169528,0.001361695,taker,USDT,market
9/19/22 8:07,6327b2cdfe7a7e0001dda9ad,LUNA-USDT,sell,2.745,0.4034,1.107333,0.001107333,taker,USDT,market
9/19/22 8:07,6327b2cdfe7a7e0001dda9ad,LUNA-USDT,sell,2.745,0.2739,0.7518555,0.000751856,taker,USDT,market
9/19/22 8:07,6327b2cdfe7a7e0001dda9ad,LUNA-USDT,sell,2.7452,0.1923,0.52790196,0.000527902,taker,USDT,market
9/19/22 8:07,6327b2cdfe7a7e0001dda9ad,LUNA-USDT,sell,2.7453,0.0817,0.22429101,0.000224291,taker,USDT,market
9/19/22 8:07,6327b2cdfe7a7e0001dda9ad,LUNA-USDT,sell,2.7454,0.4698,1.28978892,0.001289789,taker,USDT,market
9/19/22 8:07,6327b2cdfe7a7e0001dda9ad,LUNA-USDT,sell,2.7457,46.028,126.3790796,0.12637908,taker,USDT,market
9/19/22 8:07,6327b2cdfe7a7e0001dda9ad,LUNA-USDT,sell,2.7457,2.8642,7.86423394,0.007864234,taker,USDT,market
9/19/22 8:07,6327b2cdfe7a7e0001dda9ad,LUNA-USDT,sell,2.7458,0.1011,0.27760038,0.0002776,taker,USDT,market
9/19/22 8:07,6327b2cdfe7a7e0001dda9ad,LUNA-USDT,sell,2.7459,0.0881,0.24191379,0.000241914,taker,USDT,market
9/19/22 8:07,6327b2cdfe7a7e0001dda9ad,LUNA-USDT,sell,2.746,0.5563,1.5275998,0.0015276,taker,USDT,market
9/19/22 8:07,6327b2cdfe7a7e0001dda9ad,LUNA-USDT,sell,2.746,0.2694,0.7397724,0.000739772,taker,USDT,market
9/19/22 8:07,6327b2cdfe7a7e0001dda9ad,LUNA-USDT,sell,2.746,2.1962,6.0307652,0.006030765,taker,USDT,market
9/19/22 8:07,6327b2cdfe7a7e0001dda9ad,LUNA-USDT,sell,2.746,0.3545,0.973457,0.000973457,taker,USDT,market
9/19/22 8:07,6327b2cdfe7a7e0001dda9ad,LUNA-USDT,sell,2.7461,91.6172,251.5899929,0.251589993,taker,USDT,market
9/19/22 8:07,6327b2af3b7e10000176858e,LUNA-USDT,buy,2.761,369.6291084,1020.545968,1.020545968,taker,USDT,market
9/19/22 8:07,6327b2af3b7e10000176858e,LUNA-USDT,buy,2.7607,80,220.856,0.220856,taker,USDT,market
9/19/22 8:07,6327b2af3b7e10000176858e,LUNA-USDT,buy,2.7606,193.683,534.6812898,0.53468129,taker,USDT,market
9/19/22 8:07,6327b2af3b7e10000176858e,LUNA-USDT,buy,2.7605,80,220.84,0.22084,taker,USDT,market
9/19/22 8:07,6327b2af3b7e10000176858e,LUNA-USDT,buy,2.7604,1.1146,3.07674184,0.003076742,taker,USDT,market
9/19/22 8:06,6327b27d4b0e61000135e4b2,LUNC-USDT,sell,0.0002803,919655.9474,257.7795621,0.257779562,taker,USDT,market
9/19/22 8:06,6327b27d4b0e61000135e4b2,LUNC-USDT,sell,0.0002803,1426075.796,399.7290456,0.399729046,taker,USDT,market
9/19/22 8:06,6327b27d4b0e61000135e4b2,LUNC-USDT,sell,0.00028031,1426126.64,399.7575585,0.399757558,taker,USDT,market
9/19/22 8:06,6327b27d4b0e61000135e4b2,LUNC-USDT,sell,0.00028031,1426126.64,399.7575585,0.399757558,taker,USDT,market
9/19/22 8:06,6327b27d4b0e61000135e4b2,LUNC-USDT,sell,0.00028034,1425008.906,399.4869968,0.399486997,taker,USDT,market
9/19/22 8:06,6327b27d4b0e61000135e4b2,LUNC-USDT,sell,0.00028034,1425008.906,399.4869968,0.399486997,taker,USDT,market
9/19/22 8:06,6327b27d4b0e61000135e4b2,LUNC-USDT,sell,0.00028034,1379169.492,386.6363753,0.386636375,taker,USDT,market
9/19/22 8:06,6327b27d4b0e61000135e4b2,LUNC-USDT,sell,0.00028036,1425212,399.5724364,0.399572436,taker,USDT,market
9/19/22 5:38,63278fc24b0e610001dbad63,LUNC-USDT,buy,0.0002683,3062503.127,821.669589,0.821669589,taker,USDT,market
9/19/22 5:38,63278fc24b0e610001dbad63,LUNC-USDT,buy,0.0002683,2227.4705,0.597630335,0.00059763,taker,USDT,market
9/19/22 5:38,63278fc24b0e610001dbad63,LUNC-USDT,buy,0.0002683,3329.8203,0.893390786,0.000893391,taker,USDT,market
9/19/22 5:38,63278fc24b0e610001dbad63,LUNC-USDT,buy,0.00026829,1279.5658,0.343294708,0.000343295,taker,USDT,market
9/19/22 5:38,63278fc24b0e610001dbad63,LUNC-USDT,buy,0.00026829,3974.793,1.066397214,0.001066397,taker,USDT,market
9/19/22 5:38,63278fc24b0e610001dbad63,LUNC-USDT,buy,0.00026829,44604.5112,11.96694431,0.011966944,taker,USDT,market
9/19/22 5:38,63278fc24b0e610001dbad63,LUNC-USDT,buy,0.00026829,4202.8124,1.127572539,0.001127573,taker,USDT,market
9/19/22 5:38,63278fc24b0e610001dbad63,LUNC-USDT,buy,0.00026829,3117.7962,0.836473542,0.000836474,taker,USDT,market
9/19/22 5:38,63278fc24b0e610001dbad63,LUNC-USDT,buy,0.00026829,3001.3572,0.805234123,0.000805234,taker,USDT,market
9/19/22 5:38,63278fc24b0e610001dbad63,LUNC-USDT,buy,0.00026829,2518.3533,0.675649007,0.000675649,taker,USDT,market
9/19/22 5:38,63278fc24b0e610001dbad63,LUNC-USDT,buy,0.00026829,8090.0106,2.170468944,0.002170469,taker,USDT,market
9/19/22 5:38,63278fc24b0e610001dbad63,LUNC-USDT,buy,0.00026829,3084.72,0.827599529,0.0008276,taker,USDT,market
9/19/22 5:38,63278fc24b0e610001dbad63,LUNC-USDT,buy,0.00026829,66548.4559,17.85428523,0.017854285,taker,USDT,market
9/19/22 5:38,63278fc24b0e610001dbad63,LUNC-USDT,buy,0.00026829,4169.3614,1.11859797,0.001118598,taker,USDT,market
9/19/22 5:38,63278fc24b0e610001dbad63,LUNC-USDT,buy,0.00026829,2756.8292,0.739629706,0.00073963,taker,USDT,market
9/19/22 5:38,63278fc24b0e610001dbad63,LUNC-USDT,buy,0.00026829,3213.8611,0.862246795,0.000862247,taker,USDT,market
9/19/22 5:38,63278fc24b0e610001dbad63,LUNC-USDT,buy,0.00026829,5303.681,1.422924575,0.001422925,taker,USDT,market
9/19/22 5:38,63278fc24b0e610001dbad63,LUNC-USDT,buy,0.00026829,2530.774,0.678981356,0.000678981,taker,USDT,market
9/19/22 5:38,63278fc24b0e610001dbad63,LUNC-USDT,buy,0.00026829,32262.3816,8.655674359,0.008655674,taker,USDT,market
9/19/22 5:38,63278fc24b0e610001dbad63,LUNC-USDT,buy,0.00026829,2519.2612,0.675892587,0.000675893,taker,USDT,market
9/19/22 5:38,63278fc24b0e610001dbad63,LUNC-USDT,buy,0.00026829,3136.8989,0.841598606,0.000841599,taker,USDT,market
9/19/22 5:38,63278fc24b0e610001dbad63,LUNC-USDT,buy,0.00026829,20812.6424,5.583823829,0.005583824,taker,USDT,market
9/19/22 5:38,63278fc24b0e610001dbad63,LUNC-USDT,buy,0.00026829,1565.5634,0.420025005,0.000420025,taker,USDT,market
9/19/22 5:38,63278fc24b0e610001dbad63,LUNC-USDT,buy,0.00026829,3179.8877,0.853132071,0.000853132,taker,USDT,market
9/19/22 5:38,63278fc24b0e610001dbad63,LUNC-USDT,buy,0.00026829,5135.5541,1.377817809,0.001377818,taker,USDT,market
9/19/22 5:38,63278fc24b0e610001dbad63,LUNC-USDT,buy,0.00026829,12811.5229,3.437203479,0.003437203,taker,USDT,market
9/19/22 5:38,63278fc24b0e610001dbad63,LUNC-USDT,buy,0.00026828,18118.7451,4.860896935,0.004860897,taker,USDT,market
9/19/22 5:38,63278fc24b0e610001dbad63,LUNC-USDT,buy,0.00026828,14281.4325,3.831422711,0.003831423,taker,USDT,market
9/19/22 5:38,63278fc24b0e610001dbad63,LUNC-USDT,buy,0.00026828,708.9398,0.19019437,0.000190194,taker,USDT,market
9/19/22 5:38,63278fc24b0e610001dbad63,LUNC-USDT,buy,0.00026827,10681.64,2.865563563,0.002865564,taker,USDT,market
9/19/22 5:38,63278fc24b0e610001dbad63,LUNC-USDT,buy,0.00026827,3492.8903,0.937037681,0.000937038,taker,USDT,market
9/19/22 5:38,63278fc24b0e610001dbad63,LUNC-USDT,buy,0.00026827,4213.6492,1.130395671,0.001130396,taker,USDT,market
9/19/22 5:38,63278fc24b0e610001dbad63,LUNC-USDT,buy,0.00026826,2732.2481,0.732952875,0.000732953,taker,USDT,market
9/19/22 5:38,63278fc24b0e610001dbad63,LUNC-USDT,buy,0.00026826,4742.341,1.272180397,0.00127218,taker,USDT,market
9/19/22 5:38,63278fc24b0e610001dbad63,LUNC-USDT,buy,0.00026825,3178.2603,0.852568325,0.000852568,taker,USDT,market
9/19/22 5:38,63278fc24b0e610001dbad63,LUNC-USDT,buy,0.00026825,2224.502,0.596722662,0.000596723,taker,USDT,market
9/19/22 5:38,63278fc24b0e610001dbad63,LUNC-USDT,buy,0.00026825,2841.9131,0.762343189,0.000762343,taker,USDT,market
9/19/22 5:38,63278fc24b0e610001dbad63,LUNC-USDT,buy,0.00026824,84306.5817,22.61439748,0.022614397,taker,USDT,market
9/19/22 5:38,63278fc24b0e610001dbad63,LUNC-USDT,buy,0.00026824,17068.4074,4.578429601,0.00457843,taker,USDT,market
9/19/22 5:38,63278fc24b0e610001dbad63,LUNC-USDT,buy,0.00026823,1213.0046,0.325364224,0.000325364,taker,USDT,market
9/19/22 5:38,63278fc24b0e610001dbad63,LUNC-USDT,buy,0.00026823,19264.458,5.167305569,0.005167306,taker,USDT,market
9/19/22 5:38,63278fc24b0e610001dbad63,LUNC-USDT,buy,0.00026822,12286.9234,3.295598594,0.003295599,taker,USDT,market
9/19/22 5:38,63278fc24b0e610001dbad63,LUNC-USDT,buy,0.00026822,938.4776,0.251718462,0.000251718,taker,USDT,market
9/19/22 5:38,63278fc24b0e610001dbad63,LUNC-USDT,buy,0.00026822,125738.6308,33.72561555,0.033725616,taker,USDT,market
9/19/22 5:38,63278fc24b0e610001dbad63,LUNC-USDT,buy,0.00026822,41221.6623,11.05647426,0.011056474,taker,USDT,market
9/19/22 5:38,63278fc24b0e610001dbad63,LUNC-USDT,buy,0.00026822,50148.16381,13.4507405,0.01345074,taker,USDT,market
9/19/22 1:37,6327574630bbb10001406e3e,LUNC-USDT,buy,0.0002807,6196304.014,1739.302537,1.739302537,taker,USDT,market
9/19/22 1:37,6327574630bbb10001406e3e,LUNC-USDT,buy,0.00028069,488113.2407,137.0085055,0.137008506,taker,USDT,market
9/19/22 1:37,6327574630bbb10001406e3e,LUNC-USDT,buy,0.00028069,200000,56.138,0.056138,taker,USDT,market
9/19/22 1:37,6327574630bbb10001406e3e,LUNC-USDT,buy,0.00028068,40683.1901,11.4189578,0.011418958,taker,USDT,market
9/19/22 1:37,6327574630bbb10001406e3e,LUNC-USDT,buy,0.00028066,200000,56.132,0.056132,taker,USDT,market
9/19/22 1:36,6327572066ea02000139729b,LUNC-USDT,sell,0.00027768,6488197.811,1801.642768,1.801642768,taker,USDT,market
9/19/22 1:36,6327572066ea02000139729b,LUNC-USDT,sell,0.00027774,572639,159.0447559,0.159044756,taker,USDT,market
9/19/22 1:34,6327568d7bb2890001be8f40,LUNC-USDT,buy,0.00028327,4149491.187,1175.426369,1.175426369,taker,USDT,market
9/19/22 1:34,6327568d7bb2890001be8f40,LUNC-USDT,buy,0.00028326,2283812.762,646.912803,0.646912803,taker,USDT,market
9/19/22 1:34,6327568d7bb2890001be8f40,LUNC-USDT,buy,0.00028311,627532.8616,177.6608284,0.177660828,taker,USDT,market
9/17/22 18:23,6325a009ca992b0001d69f92,LUNC-USDT,sell,0.00031705,584361.5793,185.2718387,0.185271839,taker,USDT,market
9/17/22 18:23,6325a009ca992b0001d69f92,LUNC-USDT,sell,0.00031705,1257980.313,398.8426581,0.398842658,taker,USDT,market
9/17/22 18:23,6325a009ca992b0001d69f92,LUNC-USDT,sell,0.00031705,1257308.103,398.6295342,0.398629534,taker,USDT,market
9/17/22 18:23,6325a009ca992b0001d69f92,LUNC-USDT,sell,0.00031705,1107251.049,351.0539451,0.351053945,taker,USDT,market
9/17/22 18:23,6325a009ca992b0001d69f92,LUNC-USDT,sell,0.00031706,200000,63.412,0.063412,taker,USDT,market
9/17/22 18:23,6325a009ca992b0001d69f92,LUNC-USDT,sell,0.00031707,7909739.141,2507.940989,2.507940989,taker,USDT,market
9/17/22 18:23,6325a009ca992b0001d69f92,LUNC-USDT,sell,0.00031708,200000,63.416,0.063416,taker,USDT,market
9/17/22 5:08,6324e5e3d3429c000185b23a,LUNC-USDT,buy,0.00031449,1124800.127,353.738392,0.353738392,taker,USDT,market
9/17/22 5:08,6324e5e3d3429c000185b23a,LUNC-USDT,buy,0.00031449,7962171.136,2504.0232,2.5040232,taker,USDT,market
9/17/22 5:08,6324e5e3d3429c000185b23a,LUNC-USDT,buy,0.00031439,3429668.922,1078.253612,1.078253612,taker,USDT,market
9/17/22 2:26,6324bfde4b0e610001dd5425,USTC-USDT,sell,0.03582,4009.6265,143.6248212,0.143624821,taker,USDT,market
9/17/22 2:26,6324bfde4b0e610001dd5425,USTC-USDT,sell,0.03583,898.3105,32.18646522,0.032186465,taker,USDT,market
9/17/22 2:26,6324bfde4b0e610001dd5425,USTC-USDT,sell,0.03583,1000,35.83,0.03583,taker,USDT,market
9/17/22 2:26,6324bfde4b0e610001dd5425,USTC-USDT,sell,0.03585,20.008,0.7172868,0.000717287,taker,USDT,market
9/17/22 2:26,6324bfde4b0e610001dd5425,USTC-USDT,sell,0.03585,20.008,0.7172868,0.000717287,taker,USDT,market
9/17/22 2:26,6324bfde4b0e610001dd5425,USTC-USDT,sell,0.03587,21000,753.27,0.75327,taker,USDT,market
9/17/22 2:26,6324bfde4b0e610001dd5425,USTC-USDT,sell,0.03588,5154.6126,184.9475001,0.1849475,taker,USDT,market
9/17/22 2:26,6324bfc230bbb10001c3cc11,LUNC-USDT,sell,0.00031968,1430484.261,457.2972086,0.457297209,taker,USDT,market
9/17/22 2:26,6324bfc230bbb10001c3cc11,LUNC-USDT,sell,0.00031969,625497.2916,199.9652292,0.199965229,taker,USDT,market
9/17/22 2:26,6324bfc230bbb10001c3cc11,LUNC-USDT,sell,0.0003197,7738669.707,2474.052705,2.474052705,taker,USDT,market
9/17/22 2:26,6324bfc230bbb10001c3cc11,LUNC-USDT,sell,0.00031976,1250664.415,399.9124535,0.399912453,taker,USDT,market
9/17/22 2:26,6324bfc230bbb10001c3cc11,LUNC-USDT,sell,0.0003198,1784717.293,570.7525903,0.57075259,taker,USDT,market
9/17/22 2:04,6324bac3d3429c00012aab65,LUNC-USDT,buy,0.00031972,530782.3143,169.7017215,0.169701722,taker,USDT,market
9/17/22 2:04,6324bac3d3429c00012aab65,LUNC-USDT,buy,0.00031972,3078969.058,984.4079871,0.984407987,taker,USDT,market
9/17/22 2:01,6324ba14fe7a7e000176a94c,USTC-USDT,buy,0.03609,3882.0148,140.1019141,0.140101914,taker,USDT,market
9/17/22 2:01,6324ba14fe7a7e000176a94c,USTC-USDT,buy,0.03608,3391.8816,122.3790881,0.122379088,taker,USDT,market
9/17/22 2:01,6324ba14fe7a7e000176a94c,USTC-USDT,buy,0.03606,6.786,0.24470316,0.000244703,taker,USDT,market
9/17/22 2:01,6324ba14fe7a7e000176a94c,USTC-USDT,buy,0.03605,28.2653,1.018964065,0.001018964,taker,USDT,market
9/17/22 2:01,6324ba14fe7a7e000176a94c,USTC-USDT,buy,0.03605,1416.2103,51.05438132,0.051054381,taker,USDT,market
9/17/22 2:01,6324ba14fe7a7e000176a94c,USTC-USDT,buy,0.03604,24.3518,0.877638872,0.000877639,taker,USDT,market
9/17/22 2:01,6324ba14fe7a7e000176a94c,USTC-USDT,buy,0.03602,10000,360.2,0.3602,taker,USDT,market
9/17/22 2:01,6324ba14fe7a7e000176a94c,USTC-USDT,buy,0.03601,8353.0558,300.7935394,0.300793539,taker,USDT,market
9/17/22 2:01,6324ba14fe7a7e000176a94c,USTC-USDT,buy,0.03595,5000,179.75,0.17975,taker,USDT,market
9/17/22 1:55,6324b89dfe7a7e00017317a8,LUNC-USDT,buy,0.00032551,373387.5452,121.5413798,0.12154138,taker,USDT,market
9/17/22 1:55,6324b89dfe7a7e00017317a8,LUNC-USDT,buy,0.0003255,20000,6.51,0.00651,taker,USDT,market
9/17/22 1:55,6324b89dfe7a7e00017317a8,LUNC-USDT,buy,0.00032546,1142480.897,371.8318329,0.371831833,taker,USDT,market
9/17/22 1:55,6324b89dfe7a7e00017317a8,LUNC-USDT,buy,0.00032543,1417875,461.4190613,0.461419061,taker,USDT,market
9/17/22 1:55,6324b89dfe7a7e00017317a8,LUNC-USDT,buy,0.00032542,736078.6724,239.5347216,0.239534722,taker,USDT,market
9/17/22 1:55,6324b89dfe7a7e00017317a8,LUNC-USDT,buy,0.00032536,3896976.073,1267.920135,1.267920135,taker,USDT,market
9/17/22 1:55,6324b89dfe7a7e00017317a8,LUNC-USDT,buy,0.00032528,250982.9779,81.63974305,0.081639743,taker,USDT,market
9/17/22 1:55,6324b89dfe7a7e00017317a8,LUNC-USDT,buy,0.00032528,922435.7322,300.049895,0.300049895,taker,USDT,market
9/17/22 1:55,6324b89dfe7a7e00017317a8,LUNC-USDT,buy,0.00032507,460064.6974,149.5532312,0.149553231,taker,USDT,market
9/16/22 19:17,63245b50e1bc9400010b323e,LUNC-USDT,sell,0.0002636,8168862.359,2153.312118,2.153312118,taker,USDT,market
9/16/22 19:17,63245b50e1bc9400010b323e,LUNC-USDT,sell,0.00026361,628873.6155,165.7773738,0.165777374,taker,USDT,market
9/16/22 19:17,63245b50e1bc9400010b323e,LUNC-USDT,sell,0.00026369,1896270.971,500.0276923,0.500027692,taker,USDT,market
9/16/22 19:17,63245b50e1bc9400010b323e,LUNC-USDT,sell,0.0002637,907169.6398,239.220634,0.239220634,taker,USDT,market
9/16/22 19:17,63245b50e1bc9400010b323e,LUNC-USDT,sell,0.00026372,3066626.629,808.7307745,0.808730775,taker,USDT,market
9/16/22 2:23,63236d8e66ea020001de5167,LUNC-USDT,buy,0.00024447,239026.0792,58.43470558,0.058434706,taker,USDT,market
9/16/22 2:23,63236d8e66ea020001de5167,LUNC-USDT,buy,0.00024445,20473.3437,5.004708867,0.005004709,taker,USDT,market
9/16/22 2:23,63236d8e66ea020001de5167,LUNC-USDT,buy,0.00024445,20440.7015,4.996729482,0.004996729,taker,USDT,market
9/16/22 2:23,63236d8e66ea020001de5167,LUNC-USDT,buy,0.00024445,20473.3437,5.004708867,0.005004709,taker,USDT,market
9/16/22 2:23,63236d8e66ea020001de5167,LUNC-USDT,buy,0.00024442,3429668.922,838.279678,0.838279678,taker,USDT,market
9/16/22 2:23,63236d8e66ea020001de5167,LUNC-USDT,buy,0.00024441,9094.3269,2.222744438,0.002222744,taker,USDT,market
9/16/22 2:23,63236d8e66ea020001de5167,LUNC-USDT,buy,0.00024441,352099.8518,86.05672478,0.086056725,taker,USDT,market
9/15/22 0:33,63220269c2b63a0001b7cedb,LUNC-USDT,buy,0.00030268,1196523.786,362.1638195,0.362163819,taker,USDT,market
9/15/22 0:33,63220269c2b63a0001b7cedb,LUNC-USDT,buy,0.00030258,7111338.165,2151.748702,2.151748702,taker,USDT,market
9/15/22 0:33,63220269c2b63a0001b7cedb,LUNC-USDT,buy,0.0003025,5219.864,1.57900886,0.001579009,taker,USDT,market
9/15/22 0:33,63220269c2b63a0001b7cedb,LUNC-USDT,buy,0.00030246,724350.2525,219.0869774,0.219086977,taker,USDT,market
9/15/22 0:33,63220269c2b63a0001b7cedb,LUNC-USDT,buy,0.00030244,760699.6191,230.0659928,0.230065993,taker,USDT,market
9/15/22 0:33,63220269c2b63a0001b7cedb,LUNC-USDT,buy,0.00030236,778394.9577,235.3554994,0.235355499,taker,USDT,market
9/14/22 20:47,6321cd51c2b63a00012fde62,LUNC-USDT,sell,0.0002977,277260.6001,82.54048065,0.082540481,taker,USDT,market
9/14/22 20:47,6321cd51c2b63a00012fde62,LUNC-USDT,sell,0.0002977,1339091.426,398.6475176,0.398647518,taker,USDT,market
9/14/22 20:47,6321cd51c2b63a00012fde62,LUNC-USDT,sell,0.00029772,81289.3082,24.20145284,0.024201453,taker,USDT,market
9/14/22 20:47,6321cd51c2b63a00012fde62,LUNC-USDT,sell,0.00029774,1338956.953,398.661043,0.398661043,taker,USDT,market
9/14/22 20:47,6321cd51c2b63a00012fde62,LUNC-USDT,sell,0.00029775,1340302.908,399.075191,0.399075191,taker,USDT,market
9/14/22 20:47,6321cd51c2b63a00012fde62,LUNC-USDT,sell,0.00029778,1339584.729,398.9015405,0.398901541,taker,USDT,market
9/14/22 20:47,6321cd51c2b63a00012fde62,LUNC-USDT,sell,0.00029781,81289.3082,24.20876888,0.024208769,taker,USDT,market
9/14/22 20:47,6321cd51c2b63a00012fde62,LUNC-USDT,sell,0.00029782,1417875,422.2715325,0.422271532,taker,USDT,market
9/14/22 20:47,6321cd51c2b63a00012fde62,LUNC-USDT,sell,0.00029783,79813.8507,23.77095915,0.023770959,taker,USDT,market
9/14/22 20:47,6321cd51c2b63a00012fde62,LUNC-USDT,sell,0.00029796,1342191.799,399.9194685,0.399919468,taker,USDT,market
9/14/22 20:47,6321cd51c2b63a00012fde62,LUNC-USDT,sell,0.000298,609697.1366,181.6897467,0.181689747,taker,USDT,market
9/14/22 20:47,6321cd51c2b63a00012fde62,LUNC-USDT,sell,0.00029802,914545.7049,272.552911,0.272552911,taker,USDT,market
9/14/22 20:47,6321cd51c2b63a00012fde62,LUNC-USDT,sell,0.00029814,609697.1366,181.7751043,0.181775104,taker,USDT,market
9/14/22 20:24,6321c80fc2b63a00011ce6e9,USDC-USDT,sell,0.99997,2451.905,2451.831443,0,taker,USDT,market
9/14/22 20:24,6321c7f1de64b600012cecf0,LUNA-USDC,sell,2.852,207.9862,593.1766424,0.593176642,taker,USDC,market
9/14/22 20:24,6321c7f1de64b600012cecf0,LUNA-USDC,sell,2.852,24.2692,69.2157584,0.069215758,taker,USDC,market
9/14/22 20:24,6321c7f1de64b600012cecf0,LUNA-USDC,sell,2.8521,346.7767,989.0418261,0.989041826,taker,USDC,market
9/14/22 20:24,6321c7f1de64b600012cecf0,LUNA-USDC,sell,2.8522,176.3819,503.0764552,0.503076455,taker,USDC,market
9/14/22 20:24,6321c7f1de64b600012cecf0,LUNA-USDC,sell,2.8523,105.1252,299.848608,0.299848608,taker,USDC,market
9/14/22 17:27,63219e642992c800017d2e79,LUNA-USDT,buy,2.8048,134.9333434,378.4610414,0.378461041,taker,USDT,market
9/14/22 17:27,63219e642992c800017d2e79,LUNA-USDT,buy,2.8024,37.6059,105.3867742,0.105386774,taker,USDT,market
9/14/22 17:27,63219e642992c800017d2e79,LUNA-USDT,buy,2.8015,41.6014,116.5463221,0.116546322,taker,USDT,market
9/14/22 17:27,63219e642992c800017d2e79,LUNA-USDT,buy,2.8006,54.601,152.9155606,0.152915561,taker,USDT,market
9/14/22 17:27,63219e642992c800017d2e79,LUNA-USDT,buy,2.8005,27.0523,75.75996615,0.075759966,taker,USDT,market
9/14/22 17:27,63219e642992c800017d2e79,LUNA-USDT,buy,2.8004,0.7604,2.12942416,0.002129424,taker,USDT,market
9/14/22 17:27,63219e642992c800017d2e79,LUNA-USDT,buy,2.8004,52.7785,147.8009114,0.147800911,taker,USDT,market
9/14/22 17:25,63219df8e2f140000137d9f0,LUNC-USDT,buy,0.00027868,905382.8915,252.3121042,0.252312104,taker,USDT,market
9/14/22 17:25,63219df8e2f140000137d9f0,LUNC-USDT,buy,0.00027863,4000000,1114.52,1.11452,taker,USDT,market
9/14/22 17:25,63219df8e2f140000137d9f0,LUNC-USDT,buy,0.00027862,861976.0801,240.1637754,0.240163775,taker,USDT,market
9/14/22 17:25,63219df8e2f140000137d9f0,LUNC-USDT,buy,0.00027861,39987.4973,11.14091662,0.011140917,taker,USDT,market
9/14/22 17:25,63219df8e2f140000137d9f0,LUNC-USDT,buy,0.00027855,1795056.058,500.0128648,0.500012865,taker,USDT,market
9/14/22 17:25,63219df8e2f140000137d9f0,LUNC-USDT,buy,0.00027846,2452369.728,682.8868744,0.682886874,taker,USDT,market
9/14/22 17:25,63219df8e2f140000137d9f0,LUNC-USDT,buy,0.00027843,716823.6062,199.5851967,0.199585197,taker,USDT,market
9/14/22 17:23,63219d832992c800017b5606,LUNC-USDT,sell,0.00027769,825153.7676,229.1369497,0.22913695,taker,USDT,market
9/14/22 17:23,63219d832992c800017b5606,LUNC-USDT,sell,0.0002777,3156245.979,876.4895083,0.876489508,taker,USDT,market
9/14/22 17:23,63219d832992c800017b5606,LUNC-USDT,sell,0.00027771,3597995.835,999.1994234,0.999199423,taker,USDT,market
9/14/22 17:23,63219d832992c800017b5606,LUNC-USDT,sell,0.00027772,654014.1898,181.6328208,0.181632821,taker,USDT,market
9/14/22 17:23,63219d832992c800017b5606,LUNC-USDT,sell,0.00027773,797219.3949,221.4117425,0.221411743,taker,USDT,market
9/14/22 17:23,63219d832992c800017b5606,LUNC-USDT,sell,0.00027775,18001.8002,5.000000006,0.005,taker,USDT,market
9/14/22 17:23,63219d832992c800017b5606,LUNC-USDT,sell,0.00027775,18001.8002,5.000000006,0.005,taker,USDT,market
9/14/22 17:23,63219d832992c800017b5606,LUNC-USDT,sell,0.00027775,1295797.943,359.9078786,0.359907879,taker,USDT,market
9/14/22 17:23,63219d832992c800017b5606,LUNC-USDT,sell,0.00027776,719634.0278,199.8855476,0.199885548,taker,USDT,market
9/14/22 17:22,63219d4e451a0d000141c367,LUNA-USDT,buy,2.7399,5.16460383,14.15049803,0.014150498,taker,USDT,market
9/14/22 17:22,63219d4e451a0d000141c367,LUNA-USDT,buy,2.7392,36.9584,101.2364493,0.101236449,taker,USDT,market
9/14/22 17:22,63219d4e451a0d000141c367,LUNA-USDT,buy,2.7386,462.7134,1267.186917,1.267186917,taker,USDT,market
9/14/22 17:22,63219d4e451a0d000141c367,LUNA-USDT,buy,2.7371,2.1233,5.81168443,0.005811684,taker,USDT,market
9/14/22 17:22,63219d4e451a0d000141c367,LUNA-USDT,buy,2.7353,2.1233,5.80786249,0.005807862,taker,USDT,market
9/14/22 17:22,63219d4e451a0d000141c367,LUNA-USDT,buy,2.7347,2.1233,5.80658851,0.005806589,taker,USDT,market
9/14/22 17:21,63219d168fbeab0001fe3dd6,LUNA-USDT,sell,2.69,434.085,1167.68865,1.16768865,taker,USDT,market
9/14/22 17:21,63219d168fbeab0001fe3dd6,LUNA-USDT,sell,2.6926,60,161.556,0.161556,taker,USDT,market
9/14/22 17:21,63219d168fbeab0001fe3dd6,LUNA-USDT,sell,2.6959,5.915,15.9462485,0.015946249,taker,USDT,market
9/14/22 15:40,631c0c822992c8000117f9a1,LUNA-USDT,buy,3,500,1500,1.5,maker,USDT,limit
9/13/22 0:11,631eabc79e5cc00001ed6dc0,LUNC-USDT,buy,0.00031,4000000,1240,1.24,maker,USDT,limit
9/12/22 23:05,631eabb4de64b60001cacd36,LUNC-USDT,buy,0.00035,2000000,700,0.7,maker,USDT,limit
9/12/22 20:00,631f1f7337c05b00015dec41,LUNC-USDT,buy,0.00037289,521964.181,194.6352234,0.194635223,taker,USDT,market
9/12/22 20:00,631f1f7337c05b00015dec41,LUNC-USDT,buy,0.00037288,818935.7878,305.3647766,0.305364777,taker,USDT,market
9/12/22 15:35,631ee1527513a10001fb80bd,LUNC-USDT,buy,0.00040109,500,0.200545,0.000200545,taker,USDT,limit
9/12/22 11:43,631eaaffde64b60001c8e0e9,LUNC-USDT,buy,0.00040186,832414.5599,334.5141151,0.334514115,taker,USDT,market
9/12/22 11:43,631eaaffde64b60001c8e0e9,LUNC-USDT,buy,0.00040186,411799.8431,165.4858849,0.165485885,taker,USDT,market
9/11/22 23:54,631e04bd3750a10001376868,LUNC-USDT,buy,0.00040161,596096.2985,239.3982345,0.239398234,taker,USDT,market
9/11/22 23:54,631e04bd3750a10001376868,LUNC-USDT,buy,0.00040149,649086.5664,260.6017655,0.260601766,taker,USDT,market
9/11/22 23:01,631df84d7513a1000107a7af,LUNC-USDT,buy,0.00039968,766746.2161,306.4531277,0.306453128,taker,USDT,market
9/11/22 23:01,631df84d7513a1000107a7af,LUNC-USDT,buy,0.00039946,484521.2846,193.5468723,0.193546872,taker,USDT,market
9/9/22 21:09,631b3b19e2f1400001ee660d,LUNC-USDT,sell,0.00043701,1752510.963,765.8648159,0.765864816,taker,USDT,market
9/9/22 21:09,631b3afe9fcd5700013fdace,LUNC-USDT,buy,0.00044133,679763.4423,300,0.3,taker,USDT,market
9/9/22 20:59,631b389f37c05b00010cc84c,LUNC-USDT,buy,0.00046618,146409.6432,68.25324744,0.068253247,taker,USDT,market
9/9/22 20:59,631b389f37c05b00010cc84c,LUNC-USDT,buy,0.00046617,1672.4329,0.779638045,0.000779638,taker,USDT,market
9/9/22 20:59,631b389f37c05b00010cc84c,LUNC-USDT,buy,0.00046617,6870.6982,3.20291338,0.003202913,taker,USDT,market
9/9/22 20:59,631b389f37c05b00010cc84c,LUNC-USDT,buy,0.00046612,279693.7351,130.3708438,0.130370844,taker,USDT,market
9/9/22 20:59,631b389f37c05b00010cc84c,LUNC-USDT,buy,0.00046606,638101.0113,297.3933573,0.297393357,taker,USDT,market
9/9/22 20:04,631b2bdc2992c8000103f873,LUNC-USDT,sell,0.00050253,299495.7706,150.5056096,0.15050561,taker,USDT,market
9/9/22 20:04,631b2bdc2992c8000103f873,LUNC-USDT,sell,0.00050253,832947.2867,418.581,0.418581,taker,USDT,market
9/9/22 20:04,631b2bdc2992c8000103f873,LUNC-USDT,sell,0.00050253,2773.0534,1.393542525,0.001393543,taker,USDT,market
9/9/22 20:04,631b2bdc2992c8000103f873,LUNC-USDT,sell,0.00050254,608587.1648,305.8393938,0.305839394,taker,USDT,market
9/9/22 20:04,631b2bdc2992c8000103f873,LUNC-USDT,sell,0.00050254,1689.0148,0.848797498,0.000848797,taker,USDT,market
9/9/22 20:04,631b2bdc2992c8000103f873,LUNC-USDT,sell,0.00050254,59355.1646,29.82834442,0.029828344,taker,USDT,market
9/9/22 20:04,631b2bdc2992c8000103f873,LUNC-USDT,sell,0.00050254,7132.8509,3.584542891,0.003584543,taker,USDT,market
9/9/22 20:04,631b2bdc2992c8000103f873,LUNC-USDT,sell,0.00050254,1064.6213,0.535014788,0.000535015,taker,USDT,market
9/9/22 20:04,631b2bdc2992c8000103f873,LUNC-USDT,sell,0.00050254,2671.3555,1.342462993,0.001342463,taker,USDT,market
9/9/22 20:04,631b2bdc2992c8000103f873,LUNC-USDT,sell,0.00050254,2661.5266,1.337523578,0.001337524,taker,USDT,market
9/9/22 20:04,631b2bdc2992c8000103f873,LUNC-USDT,sell,0.00050254,3890.9588,1.955362435,0.001955362,taker,USDT,market
9/9/22 20:04,631b2bdc2992c8000103f873,LUNC-USDT,sell,0.00050254,29345.6723,14.74737416,0.014747374,taker,USDT,market
9/9/22 20:04,631b2bdc2992c8000103f873,LUNC-USDT,sell,0.00050254,1257.2892,0.631838115,0.000631838,taker,USDT,market
9/9/22 20:04,631b2bdc2992c8000103f873,LUNC-USDT,sell,0.00050254,1065.1621,0.535286562,0.000535287,taker,USDT,market
9/9/22 20:04,631b2bdc2992c8000103f873,LUNC-USDT,sell,0.00050254,2769.7288,1.391899511,0.0013919,taker,USDT,market
9/9/22 20:04,631b2bdc2992c8000103f873,LUNC-USDT,sell,0.00050254,9697.0969,4.873179076,0.004873179,taker,USDT,market
9/9/22 20:04,631b2bdc2992c8000103f873,LUNC-USDT,sell,0.00050255,2611.0047,1.312160412,0.00131216,taker,USDT,market
9/9/22 20:04,631b2bdc2992c8000103f873,LUNC-USDT,sell,0.00050256,1203.6484,0.60490554,0.000604906,taker,USDT,market
9/9/22 20:04,631b2bdc2992c8000103f873,LUNC-USDT,sell,0.00050256,2176.9244,1.094035126,0.001094035,taker,USDT,market
9/9/22 20:04,631b2bdc2992c8000103f873,LUNC-USDT,sell,0.00050256,1204.8315,0.605500119,0.0006055,taker,USDT,market
9/9/22 20:04,631b2bdc2992c8000103f873,LUNC-USDT,sell,0.00050256,3732.894,1.876003209,0.001876003,taker,USDT,market
9/9/22 20:04,631b2bdc2992c8000103f873,LUNC-USDT,sell,0.00050256,2931.9686,1.47349014,0.00147349,taker,USDT,market
9/9/22 20:04,631b2bdc2992c8000103f873,LUNC-USDT,sell,0.00050256,12042.9174,6.052288569,0.006052289,taker,USDT,market
9/9/22 20:04,631b2bdc2992c8000103f873,LUNC-USDT,sell,0.00050256,962.8585,0.483894168,0.000483894,taker,USDT,market
9/9/22 20:04,631b2bdc2992c8000103f873,LUNC-USDT,sell,0.00050256,2091.7551,1.051232443,0.001051232,taker,USDT,market
9/9/22 20:04,631b2bdc2992c8000103f873,LUNC-USDT,sell,0.00050256,15315.7237,7.697070103,0.00769707,taker,USDT,market
9/9/22 20:04,631b2bdc2992c8000103f873,LUNC-USDT,sell,0.00050256,2411.9957,1.212172559,0.001212173,taker,USDT,market
9/9/22 20:04,631b2bdc2992c8000103f873,LUNC-USDT,sell,0.00050256,2651.1718,1.3323729,0.001332373,taker,USDT,market
9/9/22 20:04,631b2bdc2992c8000103f873,LUNC-USDT,sell,0.00050259,1531.6086,0.769771166,0.000769771,taker,USDT,market
9/9/22 20:04,631b2bdc2992c8000103f873,LUNC-USDT,sell,0.00050259,28683.0026,14.41579028,0.01441579,taker,USDT,market
9/9/22 20:04,631b2bdc2992c8000103f873,LUNC-USDT,sell,0.00050259,1444.5495,0.726016133,0.000726016,taker,USDT,market
9/9/22 20:04,631b2bdc2992c8000103f873,LUNC-USDT,sell,0.00050259,1677.2364,0.842962242,0.000842962,taker,USDT,market
9/9/22 20:04,631b2bdc2992c8000103f873,LUNC-USDT,sell,0.0005026,2817.8174,1.416235025,0.001416235,taker,USDT,market
9/9/22 20:04,631b2bdc2992c8000103f873,LUNC-USDT,sell,0.0005026,2025.921,1.018227895,0.001018228,taker,USDT,market
9/9/22 20:04,631b2bdc2992c8000103f873,LUNC-USDT,sell,0.0005026,9711.4746,4.880987134,0.004880987,taker,USDT,market
9/9/22 20:04,631b2bdc2992c8000103f873,LUNC-USDT,sell,0.0005026,8387.4973,4.215556143,0.004215556,taker,USDT,market
9/9/22 20:04,631b2bdc2992c8000103f873,LUNC-USDT,sell,0.0005026,4530.4588,2.277008593,0.002277009,taker,USDT,market
9/9/22 20:04,631b2bdc2992c8000103f873,LUNC-USDT,sell,0.0005026,3577.6532,1.798128498,0.001798128,taker,USDT,market
9/9/22 20:04,631b2bdc2992c8000103f873,LUNC-USDT,sell,0.0005026,2318.7651,1.165411339,0.001165411,taker,USDT,market
9/9/22 20:04,631b2bdc2992c8000103f873,LUNC-USDT,sell,0.0005026,7780.5437,3.910501264,0.003910501,taker,USDT,market
9/9/22 20:04,631b2bdc2992c8000103f873,LUNC-USDT,sell,0.0005026,2727.527,1.37085507,0.001370855,taker,USDT,market
9/9/22 20:04,631b2bdc2992c8000103f873,LUNC-USDT,sell,0.0005026,2861.7819,1.438331583,0.001438332,taker,USDT,market
9/9/22 20:04,631b2bdc2992c8000103f873,LUNC-USDT,sell,0.0005026,37400.5594,18.79752115,0.018797521,taker,USDT,market
9/9/22 20:04,631b2bdc2992c8000103f873,LUNC-USDT,sell,0.0005026,1530.6425,0.769300921,0.000769301,taker,USDT,market
9/9/22 20:04,631b2bdc2992c8000103f873,LUNC-USDT,sell,0.0005026,1471.1353,0.739392602,0.000739393,taker,USDT,market
9/9/22 20:04,631b2bdc2992c8000103f873,LUNC-USDT,sell,0.0005026,2526.4008,1.269769042,0.001269769,taker,USDT,market
9/9/22 20:04,631b2bdc2992c8000103f873,LUNC-USDT,sell,0.0005026,16462.8028,8.274204687,0.008274205,taker,USDT,market
9/9/22 20:04,631b2bdc2992c8000103f873,LUNC-USDT,sell,0.0005026,1401.7173,0.704503115,0.000704503,taker,USDT,market
9/9/22 20:04,631b2bdc2992c8000103f873,LUNC-USDT,sell,0.0005026,20643.3814,10.37536349,0.010375363,taker,USDT,market
9/9/22 20:04,631b2bdc2992c8000103f873,LUNC-USDT,sell,0.0005026,17215.7427,8.652632281,0.008652632,taker,USDT,market
9/9/22 20:04,631b2bdc2992c8000103f873,LUNC-USDT,sell,0.0005026,2509.7726,1.261411709,0.001261412,taker,USDT,market
9/9/22 20:04,631b2bdc2992c8000103f873,LUNC-USDT,sell,0.0005026,6791.7921,3.413554709,0.003413555,taker,USDT,market
9/9/22 20:04,631b2bdc2992c8000103f873,LUNC-USDT,sell,0.0005026,52292.0229,26.28197071,0.026281971,taker,USDT,market
9/9/22 20:04,631b2bdc2992c8000103f873,LUNC-USDT,sell,0.00050268,2082.3184,1.046739813,0.00104674,taker,USDT,market
9/9/22 20:04,631b2bdc2992c8000103f873,LUNC-USDT,sell,0.00050272,45605.1004,22.92659607,0.022926596,taker,USDT,market
9/9/22 20:04,631b2bdc2992c8000103f873,LUNC-USDT,sell,0.00050273,1191.0239,0.598763445,0.000598763,taker,USDT,market
9/9/22 20:04,631b2bdc2992c8000103f873,LUNC-USDT,sell,0.00050282,5870.8702,2.951990954,0.002951991,taker,USDT,market
9/9/22 20:04,631b2bdc2992c8000103f873,LUNC-USDT,sell,0.00050284,3036.2346,1.526740206,0.00152674,taker,USDT,market
9/9/22 20:04,631b2bdc2992c8000103f873,LUNC-USDT,sell,0.00050285,1658.4841,0.83396873,0.000833969,taker,USDT,market
9/9/22 20:04,631b2bdc2992c8000103f873,LUNC-USDT,sell,0.0005029,6127.4655,3.0815024,0.003081502,taker,USDT,market
9/9/22 20:04,631b2bdc2992c8000103f873,LUNC-USDT,sell,0.00050295,24957.7312,12.55249091,0.012552491,taker,USDT,market
9/9/22 20:04,631b2bdc2992c8000103f873,LUNC-USDT,sell,0.00050295,6485.1227,3.261692462,0.003261692,taker,USDT,market
9/9/22 20:04,631b2bdc2992c8000103f873,LUNC-USDT,sell,0.00050313,26982.7239,13.57581788,0.013575818,taker,USDT,market
9/9/22 20:04,631b2bdc2992c8000103f873,LUNC-USDT,sell,0.0005033,2103777.769,1058.831351,1.058831351,taker,USDT,market
9/9/22 20:04,631b2bdc2992c8000103f873,LUNC-USDT,sell,0.00050342,10682.174,5.377620035,0.00537762,taker,USDT,market
9/9/22 19:39,631b25dbb22a070001f1e8ea,LUNA-USDT,sell,3.4874,24.2421,84.54189954,0.0845419,taker,USDT,market
9/9/22 19:39,631b25dbb22a070001f1e8ea,LUNA-USDT,sell,3.4875,28.4689,99.28528875,0.099285289,taker,USDT,market
9/9/22 19:39,631b25dbb22a070001f1e8ea,LUNA-USDT,sell,3.4875,1.4337,5.00002875,0.005000029,taker,USDT,market
9/9/22 19:39,631b25dbb22a070001f1e8ea,LUNA-USDT,sell,3.4875,1.4337,5.00002875,0.005000029,taker,USDT,market
9/9/22 19:39,631b25dbb22a070001f1e8ea,LUNA-USDT,sell,3.4879,0.7608,2.65359432,0.002653594,taker,USDT,market
9/9/22 19:29,631b238c9fcd570001ff5e1e,LUNA-USDT,buy,3.5513,8.11134164,28.80580757,0.028805808,taker,USDT,market
9/9/22 19:29,631b238c9fcd570001ff5e1e,LUNA-USDT,buy,3.5512,0.1582,0.56179984,0.0005618,taker,USDT,market
9/9/22 19:29,631b238c9fcd570001ff5e1e,LUNA-USDT,buy,3.5511,5.6374,20.01897114,0.020018971,taker,USDT,market
9/9/22 19:29,631b238c9fcd570001ff5e1e,LUNA-USDT,buy,3.5511,0.0748,0.26562228,0.000265622,taker,USDT,market
9/9/22 19:29,631b238c9fcd570001ff5e1e,LUNA-USDT,buy,3.5509,0.1808,0.64200272,0.000642003,taker,USDT,market
9/9/22 19:29,631b238c9fcd570001ff5e1e,LUNA-USDT,buy,3.5507,0.2616,0.92886312,0.000928863,taker,USDT,market
9/9/22 19:29,631b238c9fcd570001ff5e1e,LUNA-USDT,buy,3.5506,0.2452,0.87060712,0.000870607,taker,USDT,market
9/9/22 19:29,631b238c9fcd570001ff5e1e,LUNA-USDT,buy,3.5506,0.7597,2.69739082,0.002697391,taker,USDT,market
9/9/22 19:29,631b238c9fcd570001ff5e1e,LUNA-USDT,buy,3.5506,0.3628,1.28815768,0.001288158,taker,USDT,market
9/9/22 19:29,631b238c9fcd570001ff5e1e,LUNA-USDT,buy,3.5504,0.7,2.48528,0.00248528,taker,USDT,market
9/9/22 19:29,631b238c9fcd570001ff5e1e,LUNA-USDT,buy,3.5504,0.3586,1.27317344,0.001273173,taker,USDT,market
9/9/22 19:29,631b238c9fcd570001ff5e1e,LUNA-USDT,buy,3.5504,0.175,0.62132,0.00062132,taker,USDT,market
9/9/22 19:29,631b238c9fcd570001ff5e1e,LUNA-USDT,buy,3.5502,0.4257,1.51132014,0.00151132,taker,USDT,market
9/9/22 19:29,631b238c9fcd570001ff5e1e,LUNA-USDT,buy,3.55,1.1181,3.969255,0.003969255,taker,USDT,market
9/9/22 19:29,631b238c9fcd570001ff5e1e,LUNA-USDT,buy,3.55,0.3313,1.176115,0.001176115,taker,USDT,market
9/9/22 19:29,631b238c9fcd570001ff5e1e,LUNA-USDT,buy,3.55,7.5415,26.772325,0.026772325,taker,USDT,market
9/9/22 19:29,631b238c9fcd570001ff5e1e,LUNA-USDT,buy,3.55,0.2671,0.948205,0.000948205,taker,USDT,market
9/9/22 19:29,631b238c9fcd570001ff5e1e,LUNA-USDT,buy,3.55,0.1344,0.47712,0.00047712,taker,USDT,market
9/9/22 19:29,631b238c9fcd570001ff5e1e,LUNA-USDT,buy,3.55,1.8666,6.62643,0.00662643,taker,USDT,market
9/9/22 19:29,631b238c9fcd570001ff5e1e,LUNA-USDT,buy,3.55,0.7364,2.61422,0.00261422,taker,USDT,market
9/9/22 19:29,631b238c9fcd570001ff5e1e,LUNA-USDT,buy,3.55,9.0631,32.174005,0.032174005,taker,USDT,market
9/9/22 19:29,631b238c9fcd570001ff5e1e,LUNA-USDT,buy,3.55,2.442,8.6691,0.0086691,taker,USDT,market
9/9/22 19:29,631b238c9fcd570001ff5e1e,LUNA-USDT,buy,3.55,0.576,2.0448,0.0020448,taker,USDT,market
9/9/22 19:29,631b238c9fcd570001ff5e1e,LUNA-USDT,buy,3.55,0.3339,1.185345,0.001185345,taker,USDT,market
9/9/22 19:29,631b238c9fcd570001ff5e1e,LUNA-USDT,buy,3.55,0.39,1.3845,0.0013845,taker,USDT,market
9/9/22 19:29,631b238c9fcd570001ff5e1e,LUNA-USDT,buy,3.55,6.9384,24.63132,0.02463132,taker,USDT,market
9/9/22 19:29,631b238c9fcd570001ff5e1e,LUNA-USDT,buy,3.5498,0.7449,2.64424602,0.002644246,taker,USDT,market
9/9/22 19:29,631b238c9fcd570001ff5e1e,LUNA-USDT,buy,3.5495,0.4565,1.62034675,0.001620347,taker,USDT,market
9/9/22 19:29,631b238c9fcd570001ff5e1e,LUNA-USDT,buy,3.548,0.7711,2.7358628,0.002735863,taker,USDT,market
9/9/22 19:29,631b238c9fcd570001ff5e1e,LUNA-USDT,buy,3.5475,0.2476,0.878361,0.000878361,taker,USDT,market
9/9/22 19:29,631b238c9fcd570001ff5e1e,LUNA-USDT,buy,3.5475,0.3293,1.16819175,0.001168192,taker,USDT,market
9/9/22 19:29,631b238c9fcd570001ff5e1e,LUNA-USDT,buy,3.5475,0.1698,0.6023655,0.000602366,taker,USDT,market
9/9/22 19:29,631b238c9fcd570001ff5e1e,LUNA-USDT,buy,3.5475,0.1019,0.36149025,0.00036149,taker,USDT,market
9/9/22 19:29,631b238c9fcd570001ff5e1e,LUNA-USDT,buy,3.5475,0.3888,1.379268,0.001379268,taker,USDT,market
9/9/22 19:29,631b238c9fcd570001ff5e1e,LUNA-USDT,buy,3.5474,0.6412,2.27459288,0.002274593,taker,USDT,market
9/9/22 19:29,631b238c9fcd570001ff5e1e,LUNA-USDT,buy,3.5468,0.2343,0.83101524,0.000831015,taker,USDT,market
9/9/22 19:29,631b238c9fcd570001ff5e1e,LUNA-USDT,buy,3.5458,0.3746,1.32825668,0.001328257,taker,USDT,market
9/9/22 19:29,631b238c9fcd570001ff5e1e,LUNA-USDT,buy,3.5452,0.0886,0.31410472,0.000314105,taker,USDT,market
9/9/22 19:29,631b238c9fcd570001ff5e1e,LUNA-USDT,buy,3.5448,2.3036,8.16580128,0.008165801,taker,USDT,market
9/9/22 19:29,631b238c9fcd570001ff5e1e,LUNA-USDT,buy,3.5444,0.2971,1.05304124,0.001053041,taker,USDT,market
9/8/22 4:53,631904d90bb10200019f5a71,LUNC-USDT,buy,0.00045042,328722.0866,148.0630023,0.148063002,taker,USDT,market
9/8/22 4:53,631904d90bb10200019f5a71,LUNC-USDT,buy,0.00045021,1892310.25,851.9369977,0.851936998,taker,USDT,market
9/8/22 4:22,6318fd682aa8c20001f77fa1,LUNC-USDT,buy,0.00046009,2168733.808,997.8127379,0.997812738,taker,USDT,market
9/8/22 4:22,6318fd682aa8c20001f77fa1,LUNC-USDT,buy,0.00046008,4754.0908,2.187262095,0.002187262,taker,USDT,market
9/7/22 21:20,63189aa06053fa000142b90b,USDC-USDT,sell,1.00003,6245.7726,6245.959973,0,taker,USDT,market
9/7/22 21:20,63189a842aa8c2000112cb1c,LUNC-USDC,sell,0.00042411,1943567.526,824.2864236,0.824286424,taker,USDC,market
9/7/22 21:20,63189a842aa8c2000112cb1c,LUNC-USDC,sell,0.00042412,1884345.545,799.1886323,0.799188632,taker,USDC,market
9/7/22 21:20,63189a842aa8c2000112cb1c,LUNC-USDC,sell,0.00042412,3911061.532,1658.759417,1.658759417,taker,USDC,market
9/7/22 21:20,63189a842aa8c2000112cb1c,LUNC-USDC,sell,0.00042413,1884322.63,799.1977572,0.799197757,taker,USDC,market
9/7/22 21:20,63189a842aa8c2000112cb1c,LUNC-USDC,sell,0.00042413,6038.4112,2.561071342,0.002561071,taker,USDC,market
9/7/22 21:20,63189a842aa8c2000112cb1c,LUNC-USDC,sell,0.00042419,1884059.567,799.1992277,0.799199228,taker,USDC,market
9/7/22 21:20,63189a842aa8c2000112cb1c,LUNC-USDC,sell,0.00042421,46771.5018,19.84093878,0.019840939,taker,USDC,market
9/7/22 21:20,63189a842aa8c2000112cb1c,LUNC-USDC,sell,0.00042423,9775.6991,4.147144829,0.004147145,taker,USDC,market
9/7/22 21:20,63189a842aa8c2000112cb1c,LUNC-USDC,sell,0.00042428,1572.2372,0.667068799,0.000667069,taker,USDC,market
9/7/22 21:20,63189a842aa8c2000112cb1c,LUNC-USDC,sell,0.00042438,57354.6052,24.34014735,0.024340147,taker,USDC,market
9/7/22 21:20,63189a842aa8c2000112cb1c,LUNC-USDC,sell,0.00042447,1606.2937,0.681823487,0.000681823,taker,USDC,market
9/7/22 21:20,63189a842aa8c2000112cb1c,LUNC-USDC,sell,0.0004245,680.3443,0.288806155,0.000288806,taker,USDC,market
9/7/22 21:20,63189a842aa8c2000112cb1c,LUNC-USDC,sell,0.00042454,217244.2469,92.22887258,0.092228873,taker,USDC,market
9/7/22 21:20,63189a842aa8c2000112cb1c,LUNC-USDC,sell,0.0004247,473.071,0.200913254,0.000200913,taker,USDC,market
9/7/22 21:20,63189a842aa8c2000112cb1c,LUNC-USDC,sell,0.00042471,2507.763,1.065072024,0.001065072,taker,USDC,market
9/7/22 21:20,63189a842aa8c2000112cb1c,LUNC-USDC,sell,0.00042472,562.754,0.239012879,0.000239013,taker,USDC,market
9/7/22 21:20,63189a842aa8c2000112cb1c,LUNC-USDC,sell,0.00042472,4502.3483,1.91223737,0.001912237,taker,USDC,market
9/7/22 21:20,63189a842aa8c2000112cb1c,LUNC-USDC,sell,0.00042474,833.8707,0.354178241,0.000354178,taker,USDC,market
9/7/22 21:20,63189a842aa8c2000112cb1c,LUNC-USDC,sell,0.00042476,208829.4987,88.70241787,0.088702418,taker,USDC,market
9/7/22 21:20,63189a842aa8c2000112cb1c,LUNC-USDC,sell,0.00042481,21457.8883,9.115525529,0.009115526,taker,USDC,market
9/7/22 21:20,63189a842aa8c2000112cb1c,LUNC-USDC,sell,0.00042488,1140.3656,0.484518536,0.000484519,taker,USDC,market
9/7/22 21:20,63189a842aa8c2000112cb1c,LUNC-USDC,sell,0.0004249,1171.0354,0.497572941,0.000497573,taker,USDC,market
9/7/22 21:20,63189a842aa8c2000112cb1c,LUNC-USDC,sell,0.00042492,207097.8067,88.00000002,0.088,taker,USDC,market
9/7/22 21:20,63189a842aa8c2000112cb1c,LUNC-USDC,sell,0.00042493,181823.3958,77.26221558,0.077262216,taker,USDC,market
9/7/22 21:20,63189a842aa8c2000112cb1c,LUNC-USDC,sell,0.000425,103457.4463,43.96941468,0.043969415,taker,USDC,market
9/7/22 21:20,63189a842aa8c2000112cb1c,LUNC-USDC,sell,0.000425,10940.361,4.649653425,0.004649653,taker,USDC,market
9/7/22 21:20,63189a842aa8c2000112cb1c,LUNC-USDC,sell,0.000425,1356.6963,0.576595928,0.000576596,taker,USDC,market
9/7/22 21:20,63189a842aa8c2000112cb1c,LUNC-USDC,sell,0.0004251,13604.9256,5.783453873,0.005783454,taker,USDC,market
9/7/22 21:20,63189a842aa8c2000112cb1c,LUNC-USDC,sell,0.00042511,2102.9072,0.89396688,0.000893967,taker,USDC,market
9/7/22 21:20,63189a842aa8c2000112cb1c,LUNC-USDC,sell,0.00042516,1181.1851,0.502192657,0.000502193,taker,USDC,market
9/7/22 21:20,63189a842aa8c2000112cb1c,LUNC-USDC,sell,0.00042516,413.2304,0.175689037,0.000175689,taker,USDC,market
9/7/22 21:20,63189a842aa8c2000112cb1c,LUNC-USDC,sell,0.00042518,4105.9696,1.745776155,0.001745776,taker,USDC,market
9/7/22 21:20,63189a842aa8c2000112cb1c,LUNC-USDC,sell,0.00042518,1568.9092,0.667068814,0.000667069,taker,USDC,market
9/7/22 21:20,63189a842aa8c2000112cb1c,LUNC-USDC,sell,0.00042525,4843.9154,2.059875024,0.002059875,taker,USDC,market
9/7/22 21:20,63189a842aa8c2000112cb1c,LUNC-USDC,sell,0.00042528,11481.0476,4.882659923,0.00488266,taker,USDC,market
9/7/22 21:20,63189a842aa8c2000112cb1c,LUNC-USDC,sell,0.0004253,87312.1615,37.13386229,0.037133862,taker,USDC,market
9/7/22 21:20,63189a842aa8c2000112cb1c,LUNC-USDC,sell,0.00042531,2045.8853,0.870135477,0.000870135,taker,USDC,market
9/7/22 21:20,63189a842aa8c2000112cb1c,LUNC-USDC,sell,0.00042538,10185.523,4.332717774,0.004332718,taker,USDC,market
9/7/22 21:20,63189a842aa8c2000112cb1c,LUNC-USDC,sell,0.00042542,472.2704,0.200913274,0.000200913,taker,USDC,market
9/7/22 21:20,63189a842aa8c2000112cb1c,LUNC-USDC,sell,0.00042555,1439.5405,0.61259646,0.000612596,taker,USDC,market
9/7/22 21:20,63189a842aa8c2000112cb1c,LUNC-USDC,sell,0.0004256,1447.8844,0.616219601,0.00061622,taker,USDC,market
9/7/22 21:20,63189a842aa8c2000112cb1c,LUNC-USDC,sell,0.00042562,879.4583,0.374315042,0.000374315,taker,USDC,market
9/7/22 21:20,63189a842aa8c2000112cb1c,LUNC-USDC,sell,0.00042564,12803.1029,5.449512718,0.005449513,taker,USDC,market
9/7/22 21:20,63189a842aa8c2000112cb1c,LUNC-USDC,sell,0.00042576,2503.9242,1.066070767,0.001066071,taker,USDC,market
9/7/22 21:20,63189a842aa8c2000112cb1c,LUNC-USDC,sell,0.00042579,9592.6901,4.084471518,0.004084472,taker,USDC,market
9/7/22 21:20,63189a842aa8c2000112cb1c,LUNC-USDC,sell,0.00042579,1544.5657,0.657660629,0.000657661,taker,USDC,market
9/7/22 21:20,63189a842aa8c2000112cb1c,LUNC-USDC,sell,0.0004258,2039.6395,0.868478499,0.000868478,taker,USDC,market
9/7/22 21:20,63189a842aa8c2000112cb1c,LUNC-USDC,sell,0.00042586,1437.4042,0.612132953,0.000612133,taker,USDC,market
9/7/22 21:20,63189a842aa8c2000112cb1c,LUNC-USDC,sell,0.00042597,35873.3195,15.28095791,0.015280958,taker,USDC,market
9/7/22 21:20,63189a842aa8c2000112cb1c,LUNC-USDC,sell,0.000426,3690.4912,1.572149251,0.001572149,taker,USDC,market
9/7/22 21:20,63189a842aa8c2000112cb1c,LUNC-USDC,sell,0.00042601,1102360.06,469.616409,0.469616409,taker,USDC,market
9/7/22 21:20,63189a842aa8c2000112cb1c,LUNC-USDC,sell,0.00042603,820479.1598,349.5487364,0.349548736,taker,USDC,market
9/4/22 19:35,63148d9f1369b900014aa7a2,LUNC-USDT,buy,0.00023915,1958948.556,468.4825471,0.468482547,taker,USDT,market
9/4/22 19:35,63148d791723860001896bb2,USTC-USDT,sell,0.02979,15757.6519,469.4204501,0.46942045,taker,USDT,market
9/4/22 9:21,6313fd9816c45f0001401dac,LUNC-USDT,buy,0.0002541,925852.5392,235.2591302,0.23525913,taker,USDT,market
9/4/22 9:21,6313fd9816c45f0001401dac,LUNC-USDT,buy,0.00025409,787277.594,200.0393639,0.200039364,taker,USDT,market
9/4/22 9:21,6313fd9816c45f0001401dac,LUNC-USDT,buy,0.00025407,901906.3753,229.1473528,0.229147353,taker,USDT,market
9/4/22 9:21,6313fd9816c45f0001401dac,LUNC-USDT,buy,0.00025406,472738.733,120.1040025,0.120104003,taker,USDT,market
9/4/22 9:21,6313fd9816c45f0001401dac,LUNC-USDT,buy,0.00025384,855548.8661,217.1725242,0.217172524,taker,USDT,market
9/4/22 9:21,6313fd9816c45f0001401dac,LUNC-USDT,buy,0.00025383,653084.5978,165.7724635,0.165772463,taker,USDT,market
9/4/22 5:34,6313c86385d6d400019c1dce,LUNC-USDT,buy,0.00025871,4380541.648,1133.28993,1.13328993,taker,USDT,market
9/4/22 5:34,6313c86385d6d400019c1dce,LUNC-USDT,buy,0.0002587,5329.2688,1.378681839,0.001378682,taker,USDT,market
9/4/22 5:34,6313c86385d6d400019c1dce,LUNC-USDT,buy,0.00025869,31129.4497,8.052877343,0.008052877,taker,USDT,market
9/4/22 5:34,6313c86385d6d400019c1dce,LUNC-USDT,buy,0.00025867,19355.7171,5.006743342,0.005006743,taker,USDT,market
9/4/22 5:34,6313c86385d6d400019c1dce,LUNC-USDT,buy,0.00025862,7910.4128,2.045790958,0.002045791,taker,USDT,market
9/4/22 5:34,6313c86385d6d400019c1dce,LUNC-USDT,buy,0.0002586,4071.9582,1.053008391,0.001053008,taker,USDT,market
9/4/22 5:34,6313c86385d6d400019c1dce,LUNC-USDT,buy,0.0002586,50770.7079,13.12930506,0.013129305,taker,USDT,market
9/4/22 5:34,6313c86385d6d400019c1dce,LUNC-USDT,buy,0.0002586,22721.6834,5.875827327,0.005875827,taker,USDT,market
9/4/22 1:21,63138d293bc58e0001ea3424,USTC-USDT,buy,0.03174,1054.732,33.47719368,0.033477194,taker,USDT,market
9/4/22 1:21,63138d293bc58e0001ea3424,USTC-USDT,buy,0.03174,184.7144,5.862835056,0.005862835,taker,USDT,market
9/4/22 1:21,63138d293bc58e0001ea3424,USTC-USDT,buy,0.03173,14375.4543,456.1331649,0.456133165,taker,USDT,market
9/4/22 1:21,63138d293bc58e0001ea3424,USTC-USDT,buy,0.03173,8.202,0.26024946,0.000260249,taker,USDT,market
9/4/22 1:21,63138d293bc58e0001ea3424,USTC-USDT,buy,0.03171,134.5492,4.266555132,0.004266555,taker,USDT,market
9/2/22 21:25,6312045d85d6d4000150f92d,LUNC-USDT,buy,0.0002327,155867.8161,36.27044081,0.036270441,taker,USDT,market
9/2/22 21:25,6312045d85d6d4000150f92d,LUNC-USDT,buy,0.0002327,210722.4707,49.03511893,0.049035119,taker,USDT,market
9/2/22 21:25,6312045d85d6d4000150f92d,LUNC-USDT,buy,0.0002327,3243194.803,754.6914306,0.754691431,taker,USDT,market
9/2/22 21:25,6312045d85d6d4000150f92d,LUNC-USDT,buy,0.00023268,21498.9036,5.00236489,0.005002365,taker,USDT,market
9/2/22 21:25,6312045d85d6d4000150f92d,LUNC-USDT,buy,0.00023268,21491.5109,5.000644756,0.005000645,taker,USDT,market
9/2/22 19:27,6311e88c85d6d40001036769,LUNC-USDT,sell,0.00022407,7569592.456,1696.118582,1.696118582,taker,USDT,market
9/2/22 18:55,6311e123ff6e4a000137d76b,LUNC-USDT,buy,0.00023253,1487716.377,345.9386891,0.345938689,taker,USDT,market
9/2/22 18:55,6311e123ff6e4a000137d76b,LUNC-USDT,buy,0.00023252,430375.9334,100.071012,0.100071012,taker,USDT,market
9/2/22 18:55,6311e123ff6e4a000137d76b,LUNC-USDT,buy,0.00023252,1000000,232.52,0.23252,taker,USDT,market
9/2/22 18:55,6311e123ff6e4a000137d76b,LUNC-USDT,buy,0.00023251,2151500.146,500.2452989,0.500245299,taker,USDT,market
9/2/22 18:55,6311e123ff6e4a000137d76b,LUNC-USDT,buy,0.00023249,2500000,581.225,0.581225,taker,USDT,market
9/2/22 17:39,6311cf58039e810001f5cdf0,LUNC-USDT,sell,0.00023022,7289962.621,1678.295195,1.678295195,taker,USDT,market
9/2/22 17:39,6311cf58039e810001f5cdf0,LUNC-USDT,sell,0.00023022,9051423.78,2083.818783,2.083818783,taker,USDT,market